station_id,short_name,name,num_bikes_available,num_ebikes_available,num_docks_available,capacity,last_reported,num_cl_bikes_available
88b35b6d-f355-44dc-b85e-ed2eb1bc9099,S32036,Somerville City Hall Annex,14,0,5,19,1730754089,14
918335df-fc1a-45c2-9cfc-c5e2e93aecc0,N32001,Washington St at Crafts St,4,1,7,11,1730754102,3
199f3d59-e726-4549-b9c1-4dfc8a343fdb,H32006,855 Broadway,5,0,5,11,1730754106,5
ec4e1168-25dc-4929-b17b-e4ae578dd888,E32011,The Dimock Center,7,0,9,16,1730754103,7
aefc33cd-40b9-48da-8b87-415428816bdb,E32012,Martha Eliot Health Center,2,0,14,16,1730754105,2
dcd76e42-eebc-4432-9726-cdb3372b0b07,M32078,Galileo Galilei Way at Fulkerson St/Binney St,9,0,10,19,1730754116,9
133d159e-a202-4310-910f-eca392fe181e,M32064,75 Binney St,17,0,2,19,1730754118,17
f834a2a8-0de8-11e7-991c-3863bb43a7d0,D32023,Spaulding Rehabilitation Hospital - Charlestown Navy Yard,15,0,2,19,1730754119,15
f8351569-0de8-11e7-991c-3863bb43a7d0,M32044,Huron Ave At Vassal Lane,17,7,2,19,1730754120,10
f834e75d-0de8-11e7-991c-3863bb43a7d0,D32026,Hayes Square - Vine St at Moulton St,18,1,1,19,1730754095,17
f8351649-0de8-11e7-991c-3863bb43a7d0,M32046,Alewife MBTA at Steel Place,8,0,11,19,1730754093,8
625f105e-4407-4988-9095-d1979cbda5e1,S32016,Broadway at Central St,3,3,16,19,1730754092,0
f834d34b-0de8-11e7-991c-3863bb43a7d0,D32024,Beacon St at Charles St,14,0,23,39,1730754099,14
4b5de733-9353-4873-9dc2-9558b3cb063a,V32007,Swan St. Park,1,0,14,15,1730754097,1
2363c5a3-93cc-41a2-a767-90f1826c041f,A32042,Surface Rd at Summer St,13,0,14,27,1730754110,13
77c1736c-a609-4453-94f7-8e4253a8193c,N32006,Watertown St at Albemarle Rd,3,0,8,11,1730754110,3
eed9e64f-f09d-43c1-aa31-da968c66750a,B32057,Blue Hill Ave at Southwood St,1,1,14,15,1730754112,0
6cec3afa-554c-466f-8323-5c619fe0ddc6,F32001,Main St at Brooks Park,5,1,6,11,1730754107,4
82b41ffb-e284-4e4d-b22a-0cad2bfd4bee,B32059,Whittier St Health Center,12,0,6,19,1730754107,12
f8346e51-0de8-11e7-991c-3863bb43a7d0,A32006,Soldiers Field Park - 111 Western Ave,6,0,9,15,1730754106,6
f8348598-0de8-11e7-991c-3863bb43a7d0,D32011,Stuart St at Charles St,13,0,5,18,1730754108,13
768433a9-fc30-4485-b136-22d6f8a96f1c,ZZ32996,Auburn St. at Mystic River,6,3,5,11,1730754109,3
1997031876360597884,F32014,Winthrop Circle,8,2,3,11,1730754123,6
f83473ea-0de8-11e7-991c-3863bb43a7d0,C32001,Roxbury Crossing T Stop - Columbus Ave at Tremont St,10,1,12,23,1730754123,9
ea00f276-26dc-48ee-b2c8-6e56fd632a2d,E32009,Shawmut T Stop,12,3,7,19,1730754124,9
8d535c23-f186-4161-aa10-17e94be6d4ae,A32044,Maverick St at Massport Path,10,0,5,15,1730754122,10
f83466c6-0de8-11e7-991c-3863bb43a7d0,D32000,Cambridge St at Joy St,10,1,5,15,1730754130,9
f8350129-0de8-11e7-991c-3863bb43a7d0,A32019,175 N Harvard St,15,0,3,18,1730754134,15
1331197c-f6c6-4f4a-a29b-95e580359886,M32051,Fresh Pond Reservation,6,0,11,17,1730754136,6
f8351791-0de8-11e7-991c-3863bb43a7d0,C32032,Congress St at Northern Ave,2,1,13,15,1730754137,1
38706d8c-8d4b-49f7-b6ed-7688449db261,M32069,Smith Pl at Wilson Rd,18,1,1,19,1730754142,17
a825b55d-3ab3-481f-9c50-d3a7313e6843,M32053,One Memorial Drive,11,0,8,19,1730754143,11
13883905-f5c7-48a4-9344-4fbd75de70df,T32013,Community Life Center,1,0,8,9,1730754138,1
1994515539257334312,C32069,Damrell St at Old Colony,16,0,3,19,1730754139,16
f834b1ed-0de8-11e7-991c-3863bb43a7d0,S32005,Wilson Square,5,0,10,15,1730754139,5
986068c4-d11a-465a-b8d0-bd0960c57f51,M32085,Mass Ave/Lafayette Square,13,0,1,15,1730754141,13
f8350d30-0de8-11e7-991c-3863bb43a7d0,C32028,The Lawn on D,11,0,8,19,1730754139,11
e4d5271f-5f76-401b-b7f0-c8dce3c26f10,L32002,Linwood St at Minuteman Bikeway,0,0,10,11,1730754143,0
829fa5a8-cc88-4ab2-9f34-b481aaa1612e,C32042,Washington St at Bowdoin St,4,1,11,15,1730754140,3
d1a5e406-718c-44b9-b9dd-e63605b888aa,E32013,Hyde Park Library,11,2,4,15,1730754143,9
97a1e4e7-a1ff-427a-aaea-48ca0d00bf9c,C32043,Talbot Ave At Blue Hill Ave,9,2,6,15,1730754143,7
f8346c96-0de8-11e7-991c-3863bb43a7d0,B32003,HMS/HSPH - Avenue Louis Pasteur at Longwood Ave,17,0,7,25,1730754149,17
f83532fa-0de8-11e7-991c-3863bb43a7d0,A32036,Boston East - 126 Border St,2,0,13,15,1730754150,2
f834b183-0de8-11e7-991c-3863bb43a7d0,D32021,Warren St at Chelsea St,17,2,5,23,1730754150,15
6eaa7343-402d-41c9-9aac-8c664fdbdcf1,T32012,Salem MBTA - Lower Level,1,0,10,11,1730754149,1
f834c6f5-0de8-11e7-991c-3863bb43a7d0,S32009,Packard Ave at Powderhouse Blvd,12,0,2,15,1730754148,12
800bde2c-51df-497c-ac2d-bc3a8c00c164,M32087,Church St,13,0,2,15,1730754145,13
803a0c16-4f81-44f1-8b49-a13fcdda40c1,D32045,Dartmouth St at Newbury St,12,2,7,19,1730754196,10
f8350199-0de8-11e7-991c-3863bb43a7d0,C32024,State Street at Channel Center,9,0,10,19,1730754198,9
f8351255-0de8-11e7-991c-3863bb43a7d0,D32029,Washington St at Brock St,12,1,3,15,1730754198,11
1991921362058752616,A32059,High St at Federal St,15,0,5,20,1730754198,15
ab6517ea-ed53-42eb-8881-657d362e56e8,B32064,Flat 9 at Whittier,14,0,1,15,1730754194,14
569f4952-5a25-4394-a419-f9c4d9cca6f3,S32041,Union Square East,7,0,12,19,1730754195,7
1986694622707704150,W32010,Watertown St at 5th Ave,12,0,7,19,1730754194,12
f83493c0-0de8-11e7-991c-3863bb43a7d0,M32006,MIT at Mass Ave / Amherst St,0,0,27,27,1730754202,0
1999644268058967024,A32024,Staniford St at Merrimac St,2,0,22,24,1730754199,2
f8352973-0de8-11e7-991c-3863bb43a7d0,A32028,Bennington St at Byron St,6,0,9,15,1730754203,6
25d6f87f-7025-48c5-b202-f91511a4ae19,C32113,Hancock St at Pleasant St,12,0,6,19,1730754204,12
f834fcbe-0de8-11e7-991c-3863bb43a7d0,M32032,Kendall Street,9,0,8,17,1730754200,9
1ef5abb2-5af9-41f2-a0dd-1e44278ad9f1,W32006,160 Arsenal St,0,0,11,11,1730754152,0
e335fa7c-7adf-4360-9bfa-76b18124a56f,R32002,Orr Sq (Shirley Ave),8,0,3,11,1730754152,8
f834a1de-0de8-11e7-991c-3863bb43a7d0,M32019,Cambridgeside Pl at Land Blvd,8,0,5,15,1730754152,8
4d953f0f-13b5-4b3d-b2da-342003ff7cba,F32005,Haines Square,6,1,5,11,1730754154,5
f834916a-0de8-11e7-991c-3863bb43a7d0,C32009,Dorchester Ave at Gillette Park,5,0,10,15,1730754155,5
15ec5783-ca7a-4225-ba51-cd0a45ecc975,T32015,North St at Liberty Hill Ave,6,0,5,11,1730754157,6
f8347a8b-0de8-11e7-991c-3863bb43a7d0,A32011,Innovation Lab - 125 Western Ave at Batten Way,11,1,8,19,1730754152,10
57f5003b-6574-40b3-83d7-3b5dee1472e0,T32003,Shetland Park - Congress at Peabody St,11,0,0,11,1730754159,11
f834b928-0de8-11e7-991c-3863bb43a7d0,C32015,Dudley Town Common - Mt Pleasant Ave at Blue Hill Ave,5,1,10,15,1730754158,4
cad0e759-b605-458a-b772-768dcce81dc6,D32046,Boylston St at Exeter St,10,0,6,19,1730754158,10
f834d260-0de8-11e7-991c-3863bb43a7d0,C32017,South Boston Library - 646 E Broadway,12,4,3,15,1730754162,8
9fef6df2-7f8f-43fc-a85b-7dd5453860f9,M32067,Berkshire Street at Cambridge Street,9,2,10,19,1730754161,7
f8346dbd-0de8-11e7-991c-3863bb43a7d0,C32003,Back Bay T Stop - Dartmouth St at Stuart St,6,3,11,19,1730754163,3
40ee059e-8530-4992-9114-c16b87d6832f,D32053,Sullivan Square,12,1,6,19,1730754157,11
2438d052-2cd6-4fba-83c9-39f46cb59398,Z32997,Parker St at Huntington Ave,16,1,2,19,1730754162,15
f7d416f8-4377-4019-bba7-302dc1d5a11d,V32005,Encore,15,0,0,15,1730754168,15
1941776997216363308,H32007, Broadway and Cabot,6,0,5,11,1730754168,6
f606593b-3d07-40f2-bc6d-a0eb96588e44,M32068,Graham and Parks School â€“ Linnaean St at Walker St,4,0,15,19,1730754167,4
5d17f129-af8c-4f30-bc58-6a8279052772,C32101,American Legion Hwy at Hyde Park Ave,10,0,9,19,1730754172,10
f834c5c9-0de8-11e7-991c-3863bb43a7d0,M32021,Harvard University Gund Hall at Quincy St / Kirkland St,12,0,3,15,1730754173,12
f55cdf0a-3d7b-491c-bed2-7dc0ef2062d5,A32051,Day Sq,14,1,2,16,1730754173,13
f8347002-0de8-11e7-991c-3863bb43a7d0,B32004,Aquarium T Stop - 200 Atlantic Ave,12,3,11,23,1730754174,9
f8351f87-0de8-11e7-991c-3863bb43a7d0,A32026,Purchase St at Pearl St,12,0,7,19,1730754170,12
1ef9964d-47ac-4cd4-916e-7c006fa1e605,C32048,Archdale Rd at Washington St,8,0,5,15,1730754171,8
1976280681456741062,F32011,Carr Park,4,0,7,11,1730754178,4
52ca4d94-587f-4a61-a298-a1a755e73bfb,C32052,Columbia Rd at Tierney Community Center,16,1,2,19,1730754174,15
f834f036-0de8-11e7-991c-3863bb43a7d0,E32005,Green Street T Stop - Green St at Amory St,6,1,16,23,1730754182,5
8bc42f7f-753d-4cca-a7d6-0d7c2530ea2c,C32056,Tremont St at Northampton St,10,1,9,19,1730754179,9
e519df41-c4d7-403a-9afa-a5dd7cdd2d03,D32057,Clinton St at North St,3,1,15,18,1730754183,2
acb27827-d69a-4287-b132-3f529ca62ad2,C32081,Washington St at Denton Terr,9,1,9,19,1730754178,8
f8348719-0de8-11e7-991c-3863bb43a7d0,B32000,Newbury St at Hereford St,4,0,19,23,1730754187,4
c111ef1a-f276-415d-a95e-8e3c4e3a0c03,T32007 ,Salem State University - Bike Path at Loring Ave,10,0,5,15,1730754185,10
87b5a8b7-a330-4c51-ab32-7dafa292c88f,C32078,Northbourne Rd at Hyde Park Ave,17,1,2,19,1730754186,16
f8349599-0de8-11e7-991c-3863bb43a7d0,S32004,Conway Park - Somerville Avenue,2,0,21,23,1730754185,2
f835244e-0de8-11e7-991c-3863bb43a7d0,B32028,Grove Hall Library - 41 Geneva Ave,2,0,13,15,1730754187,2
1919521884659886482,M32090,O'Brien Highway at First Street,1,1,18,19,1730754192,0
8e7c1984-dc81-43b0-a0d3-58c6de45225a,L32004,Broadway at Grafton St,5,1,6,11,1730754192,4
01d29f8c-768d-4c4f-84ca-3de966075287,N32003,Bacon St at Washington St,5,1,6,11,1730754193,4
f834a67b-0de8-11e7-991c-3863bb43a7d0,M32020,Harvard Law School at Mass Ave / Jarvis St,16,1,3,19,1730754191,15
1999639508813492766,C32054,Shawmut Ave at Herald St,1,0,19,20,1730754191,1
f834cb89-0de8-11e7-991c-3863bb43a7d0,M32029,Porter Square Station,4,0,14,19,1730754191,4
f834f948-0de8-11e7-991c-3863bb43a7d0,C32022,Newmarket Square T Stop - Massachusetts Ave at Newmarket Square,4,1,11,15,1730754189,3
1976640911178291400,F32012,Steve Miller Dr at Winthrop St (Medford High),3,0,8,11,1730754192,3
f8347ba8-0de8-11e7-991c-3863bb43a7d0,B32014,Seaport Hotel - Congress St at Seaport Ln,18,1,1,19,1730754204,17
5410aac7-2ec0-47b6-b728-b99c5137b463,F32008,Logan Park,5,1,6,11,1730754207,4
a6d6d4b2-3666-43ad-a690-7f676bdcc3fd,C32100,Hyde Park Ave at Arlington St,13,0,6,19,1730754207,13
25489822-e43a-4704-b2a8-d905b78ba77c,V32003,Everett Square (Broadway at Norwood St),13,1,1,14,1730754208,12
9b0aff89-5242-475e-b03b-87c3c3bf51bb,A32048,Marion St at White St,8,1,11,19,1730754209,7
f8349070-0de8-11e7-991c-3863bb43a7d0,C32008,Boylston St at Fairfield St,14,1,5,19,1730754209,13
b44b7c3d-c054-4591-92a9-3b96d86050ab,T32014,Goodhue St at Grove St,4,0,7,11,1730754210,4
f8347ded-0de8-11e7-991c-3863bb43a7d0,D32004,Arch St at Franklin St,25,1,6,31,1730754210,24
0bc49982-74e9-4bbf-9991-e3d809d6319e,S32047,Foley St at Grand Union Blvd,12,7,7,19,1730754129,5
f83514f9-0de8-11e7-991c-3863bb43a7d0,M32043,Mt Auburn,16,0,3,19,1730754129,16
f8351ff1-0de8-11e7-991c-3863bb43a7d0,K32005,Brookline Town Hall,4,0,10,15,1730754129,4
c98f50f6-1901-4c64-b164-8cf33245e022,D32041,Stony Brook T Stop,4,0,14,19,1730754130,4
e49a5b83-2c9c-4610-a48b-89cfea172c8f,H32002,Bellingham Square,8,3,3,11,1730754121,5
f834b50a-0de8-11e7-991c-3863bb43a7d0,S32008,Powder House Circle - Nathan Tufts Park,5,2,9,15,1730754121,3
b5894555-30a3-46db-918a-fdeb083d6001,C32045,Mattapan T Stop,9,2,6,15,1730754123,7
f834ff5a-0de8-11e7-991c-3863bb43a7d0,M32036,Rindge Avenue - O'Neill Library,2,0,16,19,1730754123,2
dd8dee9d-d044-41d6-9371-8463cf9c671b,N32012,Beacon at Walnut,9,1,6,15,1730754097,8
1994461916590643872,R32008,Eliot Circle Revere Beach,10,1,1,11,1730754102,9
f835259f-0de8-11e7-991c-3863bb43a7d0,B32031,Bowdoin St at Quincy St,6,0,9,15,1730754102,6
f8350be5-0de8-11e7-991c-3863bb43a7d0,B32021,Wentworth Institute of Technology - Huntington Ave at Vancouver St,9,0,5,14,1730754103,9
4764641e-b080-4c70-a1e1-049de81e09d0,E32010,Forest Hills,7,0,31,40,1730754099,7
f4a64c30-b97f-4ae5-b531-a11698b558d7,T32008,Hawthorne Boulevard,8,0,1,9,1730754105,8
f8346c01-0de8-11e7-991c-3863bb43a7d0,C32002,Boston Medical Center - E Concord St at Harrison Ave,16,0,3,19,1730754107,16
f1cafe36-f800-41f6-b74d-73953cb6394c,M32070,MIT Carleton St at Amherst St,19,0,8,27,1730754110,19
f8353277-0de8-11e7-991c-3863bb43a7d0,C32034,Watermark Seaport - Boston Wharf Rd at Seaport Blvd,13,1,1,15,1730754106,12
082262bd-086b-46c7-83ce-eed2b39142ff,D32050,Blossom St at Charles St,1,0,14,15,1730754111,1
f8347361-0de8-11e7-991c-3863bb43a7d0,D32002,Washington St at Waltham St,10,1,4,15,1730754112,9
3dbbb3cb-b52d-46f8-8f9c-db11e83d081c,D32038,Main St at Thompson Sq,0,0,15,15,1730754112,0
f8351e42-0de8-11e7-991c-3863bb43a7d0,M32004,Kendall T,14,0,9,23,1730754131,14
f834923d-0de8-11e7-991c-3863bb43a7d0,D32018,Boston Convention and Exhibition Center - Summer St at West Side Dr,12,0,11,23,1730754131,12
f8352a4d-0de8-11e7-991c-3863bb43a7d0,A32030,Maverick Square - Lewis Mall,13,0,20,33,1730754133,13
f83472d3-0de8-11e7-991c-3863bb43a7d0,A32009,South End Library - Tremont St at W Newton St,4,2,11,15,1730754157,2
f834ffc9-0de8-11e7-991c-3863bb43a7d0,C32023,Murphy Skating Rink - 1880 Day Blvd,18,0,1,19,1730754159,18
ee0fa23e-a6c2-474d-a6ef-bf581d63f1ae,F32003,Tufts Sq - Main St at Medford St,1,0,10,11,1730754159,1
f8350c56-0de8-11e7-991c-3863bb43a7d0,C32029,W Broadway at D St,3,1,20,23,1730754158,2
a9bc314b-a3fd-46e5-a63b-f005258bba5f,D32059,Shawmut Ave at Lenox St,4,0,15,19,1730754155,4
25cc602a-152a-4abe-9df8-a131d0a5d94b,S32017,East Somerville Library (Broadway and Illinois),5,0,9,15,1730754157,5
1e3beeb4-f8e1-452c-93e5-48df78d4b313,M32056,Mass Ave at Hadley/Walden,4,0,15,19,1730754158,4
ee18dbd6-05b8-4d38-a120-f84c3499a77e,T32004,Mayor Salvo Path at Mill St,6,0,5,11,1730754161,6
f834db9b-0de8-11e7-991c-3863bb43a7d0,C32016,W Broadway at Dorchester St,0,0,15,17,1730754162,0
57caf362-1e8b-46aa-9ee3-82341c405ab0,C32062,Ashmont T Stop,4,0,11,15,1730754162,4
f8346a3c-0de8-11e7-991c-3863bb43a7d0,A32003,B.U. Central - 725 Comm. Ave.,5,0,6,11,1730754162,5
3f4f4ad4-a715-43d5-828f-f8381f26b66a,V32004,Broadway at Lynde St,6,0,9,15,1730754165,6
a439fff7-8630-464c-b277-efca6f6bc664,K32017,Harvard St and Stedman St,1,0,14,15,1730754165,1
a51b429f-bf06-425a-b3fe-b3155aa6468c,T32018,Derby Street,9,0,2,11,1730754168,9
efd724b2-31cb-4aec-b9d9-8ab79271630c,C32094,2 Hummingbird Lane at Olmsted Green,14,0,3,17,1730754172,14
f8349672-0de8-11e7-991c-3863bb43a7d0,M32003,One Broadway / Kendall Sq at Main St / 3rd St,11,1,12,23,1730754172,10
2002247509585342522,L32008,Lake St. at Minuteman Bikeway,7,1,4,11,1730754172,6
f834a32d-0de8-11e7-991c-3863bb43a7d0,K32003,Brookline Village - Station Street at MBTA,1,0,18,19,1730754089,1
13681246-4bf8-444a-a908-fa165e4ad298,S32021,Washington St at Myrtle St,6,1,9,15,1730754140,5
66763558-7a03-48a9-8665-6b4445b81f48,W32002,Watertown Sq,10,4,5,15,1730754141,6
8b703219-1e16-4ba1-9f46-2b7030c7849a,B32055,Bartlett St at John Elliot Sq,0,0,15,15,1730754138,0
b0b8e427-7203-4844-9c70-129e08a74452,C32049,Thetford Ave at Norfolk St,12,4,3,15,1730754092,8
910f1452-dbeb-4e69-b226-71b2d7e85715,F32006,Hormel Stadium,5,1,6,11,1730754093,4
31382324-2931-491a-827a-40149e45afee,C32037,Four Corners - 157 Washington St,4,0,7,11,1730754097,4
a9d13461-7f0f-47b0-9a97-8ec9e9792865,M32075,Danehy Park at New Street,17,1,2,19,1730754143,16
be7e7068-b85f-42c1-8ea1-e1d64e531323,S32052,Somerville Hospital,10,0,5,15,1730754146,10
68323451-daf0-4532-a6cb-b070e3ef358f,A32058,Tremont St at Court St,4,0,15,19,1730754147,4
e3f5d039-a49e-4b3b-ab4d-4efbef2068c6,D32060,Hood Park,16,0,7,23,1730754148,16
c935cfb1-ef73-402e-9b86-83aaaac6534d,A32049,Gove St at Orleans St,8,0,11,19,1730754144,8
dc770287-c70c-43ea-a635-39f3dc6b09cd,F32007,West Medford Square (Bower St at Harvard Ave),6,1,5,11,1730754149,5
dd008e3c-ff17-4c82-abe0-502272a62425,B32063,St. Alphonsus St at Tremont St,0,0,17,18,1730754149,0
2fded452-cbd0-4248-b008-f8a61ed9a85f,C32111,Four Corners/Geneva T Stop,4,0,11,15,1730754152,4
fae99a0c-e88a-4112-94d8-f655cf34e651,E32016,Commonwealth Ave at Naples Rd,2,1,17,19,1730754152,1
7dd0fc98-c1dd-4c93-9c1d-4bbdf5f93346,N32005,West Newton,13,1,2,15,1730754153,12
f835141c-0de8-11e7-991c-3863bb43a7d0,M32041,MIT Pacific St at Purrington St,1,0,17,19,1730754153,1
609c2f06-310e-4134-8dd2-3d23aa41487b,M32088,55 Wheeler Street,1,0,22,23,1730754153,1
0cb6d635-6a7d-4d75-89b4-36b12616be12,C32085,Centre St at W. Roxbury Post Office,16,4,3,19,1730754181,12
1206f5c8-7d1f-4c32-9d65-f3e80186fbde,C32095,Bellevue T Stop,16,1,2,19,1730754181,15
1984021766354634770,M32094,40 Thorndike St,8,0,9,19,1730754191,8
634b697d-0e64-4102-8849-abac7a7f8e35,W32001,Coolidge Sq.,3,0,8,12,1730754191,3
f8349d6e-0de8-11e7-991c-3863bb43a7d0,S32003,Beacon St at Washington / Kirkland,4,2,14,19,1730754189,2
f834b652-0de8-11e7-991c-3863bb43a7d0,M32024,Harvard University Radcliffe Quadrangle at Shepard St / Garden St,11,1,7,19,1730754202,10
f8348924-0de8-11e7-991c-3863bb43a7d0,C32004,Massachusetts Ave at Columbus Ave,8,2,6,14,1730754202,6
4caf6e93-ddd7-4b6f-9e61-f9df1206ac92,E32015,Lincoln St at Empire St,1,0,17,19,1730754202,1
d81e16e2-a410-4a0b-b5ae-b72748fc9781,S32050,Boynton Yards at 101 South Street,11,0,7,19,1730754201,11
f8349de4-0de8-11e7-991c-3863bb43a7d0,M32005,MIT Stata Center at Vassar St / Main St,16,0,16,35,1730754202,16
f836bc28-36a7-4ca6-bba6-0d75333d84bb,C32099,Circuit Drive at American Legion Hwy,7,2,12,19,1730754205,5
fbb9b58c-2b92-4bcf-8e4c-a982e40d2f39,M32050,Verizon Innovation Hub 10 Ware Street,4,0,15,19,1730754205,4
f8352150-0de8-11e7-991c-3863bb43a7d0,B32022,Roxbury YMCA - Warren St at MLK Blvd,1,0,8,10,1730754204,1
f834fb66-0de8-11e7-991c-3863bb43a7d0,M32030,Dana Park,5,0,14,19,1730754205,5
f834ca55-0de8-11e7-991c-3863bb43a7d0,C32012,Andrew T Stop - Dorchester Ave at Dexter St,10,0,4,15,1730754205,10
f8352306-0de8-11e7-991c-3863bb43a7d0,B32025,Uphams Corner T Stop - Magnolia St at Dudley St,13,0,2,15,1730754203,13
1963273678015717438,S32055,Grand Union Blvd at Revolution Dr,4,0,15,19,1730754200,4
a3b94ed8-8301-4ec6-baf2-64ac493b5106,B32061,One Beacon St,2,2,13,16,1730754179,0
f8348021-0de8-11e7-991c-3863bb43a7d0,C32006,Washington St at Rutland St,14,3,13,27,1730754179,11
8f51f8f1-ecb8-4cd3-8529-296a03140c51,C32108,Beach St at Freeport St,13,1,6,19,1730754178,12
3c837bc0-fd08-49c4-adf5-0e9a98e918a7,N32010,Newton Highlands T,8,1,7,15,1730754186,7
3b158c7a-a362-43ae-af1f-121b78be32d7,A32050,Porzio Park,14,1,3,17,1730754184,13
f8352c1a-0de8-11e7-991c-3863bb43a7d0,A32034,Glendon St at Condor St,13,0,5,19,1730754181,13
2004828637786472956,A32061,Commercial St at Charter St,2,1,17,19,1730754181,1
1961066392414132348,C32068,Melnea Cass Blvd at Hampden St,11,0,8,19,1730754182,11
f834fda2-0de8-11e7-991c-3863bb43a7d0,M32034,EF - North Point Park,20,1,3,23,1730754187,19
f8348781-0de8-11e7-991c-3863bb43a7d0,B32016,Beacon St at Massachusetts Ave,18,1,1,19,1730754195,17
3a6d94a7-9fee-41c5-b8cc-a8487c5e691b,A32053,Valenti Way at Haverhill St,4,0,20,24,1730754195,4
af066ffd-b892-434f-8532-1982fc408780,L32005,Thorndike Field at Minuteman Bikeway,3,0,8,11,1730754195,3
3de6e5da-9702-4623-8683-26abd98012a8,N32011,California at Chapel,7,4,5,12,1730754197,3
50cc3c7f-50ed-4c70-b483-c89f3f47c938,C32093,Harrison Ave at E. Dedham St,13,0,6,19,1730754196,13
f8348857-0de8-11e7-991c-3863bb43a7d0,B32018,Boylston St at Massachusetts Ave,2,1,13,15,1730754196,1
f83487f0-0de8-11e7-991c-3863bb43a7d0,D32014,Tremont St at West St,2,1,13,15,1730754196,1
f834d064-0de8-11e7-991c-3863bb43a7d0,M32025,Linear Park - Mass. Ave. at Cameron Ave. ,3,1,16,19,1730754199,2
f835027c-0de8-11e7-991c-3863bb43a7d0,C32025,Ink Block - Harrison Ave at Herald St,13,0,13,27,1730754199,13
dd05a440-f881-410c-a071-864da11c634a,M32059,Ames St at Broadway,12,0,7,19,1730754196,12
9f582e05-15e0-4a39-aef5-c719e0c78e26,N32000,Centre St at Washington St,0,0,11,11,1727368080,0
c202f2ca-ec1d-4dc5-a734-e0a342f23ba4,D32040,Williams St at Washington St,4,0,19,23,1730754090,4
8347c34d-68df-404b-ac58-7a387cc3ce4b,M32066,Discovery Park - 30 Acorn Park Drive,10,0,13,23,1730754091,10
186accbb-6a08-4e1d-b267-9033c4443a56,K32010,High St at Cypress St,7,1,8,15,1730754097,6
0daf7408-7a15-4d2b-8c39-f1a097cdbe85,K32012,Marion St at Harvard St,0,0,15,15,1730754096,0
f8352378-0de8-11e7-991c-3863bb43a7d0,B32026,Washington St at Melnea Cass Blvd,0,0,0,19,1730736353,0
ca76adb6-4c84-4484-9ec3-b411b81ddbef,A32054,Addison St at Saratoga St,5,0,14,19,1730754104,5
4fe8e777-345b-4fc2-a684-dd874e8186d8,C32066,Dorchester Ave at King St,11,2,4,15,1730754107,9
f8285d4f-5053-4e26-bb28-72016fe11353,C32064,Sydney St at Carson St,11,0,8,19,1730754111,11
fe534b6f-61ad-47d3-b9f6-cdaa128f53a4,V32009,Pope John High School,11,5,4,15,1730754115,6
bd1755dc-f26c-420e-85b3-fd025d0b5445,B32062,Forsyth St at Huntington Ave,15,2,0,15,1730754113,13
065e0e5d-8a0d-49b7-9c1f-c8eaba51a8b4,C32092,Blue Hill Ave at Havelock St,14,4,4,18,1730754119,10
1a39ab83-f029-4134-aad4-35380b30bf2c,S32053,Chestnut St at Poplar St,12,1,7,19,1730754121,11
ad2fb6f2-921f-440c-83de-08be76e35c2a,N32002,Nonantum Library,10,3,5,15,1730754117,7
f834dedf-0de8-11e7-991c-3863bb43a7d0,E32001,Curtis Hall - South St at Centre St,3,0,9,15,1730754119,3
1978882443666915710,C32026,Au Bon Pain Way at Fid Kennedy Ave,8,1,10,18,1730754127,7
c5017e67-cada-4549-a52e-0f13dddd289d,D32052,Jamaica St at South St,10,0,9,19,1730754126,10
f83512c9-0de8-11e7-991c-3863bb43a7d0,D32028,Brighton Center - Washington St at Cambridge St,6,1,11,17,1730754125,5
e2c306f6-82c7-4d0d-89fd-c9452d2f9ad1,B32037,Deerfield St at Commonwealth Ave,15,0,4,19,1730754125,15
bd3d4824-7203-4edc-a314-cea2b413e886,M32058,84 Cambridgepark Dr,7,0,20,27,1730754124,7
9340e113-e0b2-48ac-b58a-8b6f001b0a94,N32008,Langley Lot,6,2,5,11,1730754124,4
fe6a64e7-c712-404c-85ae-ee77a37245b1,A32039,Bennington St at Constitution Beach,12,0,5,17,1730754128,12
f8349e56-0de8-11e7-991c-3863bb43a7d0,D32019,Chinatown T Stop,8,1,11,19,1730754129,7
13d4171b-6d93-490e-923f-f2a17d5c7613,T32016,Bridge Street Neck,6,0,5,11,1730754123,6
f0f01d4c-ba4a-4ab2-9cc0-9fa1f9223300,V32008,Broadway at Maple St,6,3,7,14,1730754131,3
c1789d39-705f-4c03-9c14-4d6a3a4f4400,C32107,Pier 4 Blvd at Autumn Ln,12,1,6,19,1730754131,11
f8352068-0de8-11e7-991c-3863bb43a7d0,S32014,Broadway St at Mt Pleasant St,5,0,13,19,1730754129,5
f83520d8-0de8-11e7-991c-3863bb43a7d0,M32049,Child Street at Brian P. Murphy Staircase,8,0,15,23,1730754136,8
1676a6f7-c417-48d2-92e8-5ce21995efc3,B32056,Tremont St at Hamilton Pl,12,3,5,19,1730754133,9
7df1ee28-441e-44c1-8507-8f58946be96b,S32022,Community Path at Cedar Street,0,0,14,15,1730754140,0
f835108b-0de8-11e7-991c-3863bb43a7d0,C32030,Franklin Park Zoo - Franklin Park Rd at Blue Hill Ave,4,1,10,14,1730754136,3
f8350a84-0de8-11e7-991c-3863bb43a7d0,C32036,Seaport Blvd at Sleeper St,10,0,5,15,1730754136,10
228b8017-e4da-4722-9223-b8279a14b8ad,V32012,Hale Park,4,1,7,11,1730754137,3
9e9be067-c6bb-41de-9491-eda69d24d6de,M32060,700 Huron Ave,9,1,10,19,1730754143,8
52485851-e554-49de-ab9f-f536806d2d34,T32010,Forest River Park,0,0,11,11,1730754143,0
aa556ad4-0092-4687-96c2-8dbc69addb56,R32006,Revere City Hall,2,1,9,11,1730754142,1
f83480a9-0de8-11e7-991c-3863bb43a7d0,D32006,Lewis Wharf at Atlantic Ave,3,0,16,19,1730754146,3
5bbdd12f-fec4-4741-9d5d-4a60834c5d02,S32034,Perry Park,1,1,18,19,1730754145,0
6e340d8e-45db-4fd9-b6eb-b74ec73b0d3e,N32015,Auburndale,7,2,7,15,1730754145,5
f834658f-0de8-11e7-991c-3863bb43a7d0,C32000,Tremont St at E Berkeley St,4,3,15,19,1730754149,1
f834a3a0-0de8-11e7-991c-3863bb43a7d0,M32014,Harvard University Housing - 115 Putnam Ave at Peabody Terrace,0,0,15,15,1730754149,0
7c860828-3359-4229-b59b-963f5a4bab00,S32018,Assembly Square T,3,1,12,15,1730754150,2
f83529e2-0de8-11e7-991c-3863bb43a7d0,A32029,Piers Park,11,0,4,15,1730754152,11
c23a4c0d-7e43-4042-80e2-7c894d07763b,N32018,Centre St at Commonwealth Ave,7,2,4,11,1730754153,5
00802fe6-4268-4dc8-8f55-0dbbc1665ce6,M32073,955 Mass Ave,11,1,7,19,1730754148,10
f83481c5-0de8-11e7-991c-3863bb43a7d0,D32007,Boylston St at Arlington St,23,4,8,31,1730754153,19
1921360868231155718,M32091,325 Binney St.,13,0,6,19,1730754152,13
4c128753-6fde-4d4c-896e-a1adf89ada98,A32056,Riverway at Brookline Ave,24,2,1,25,1730754154,22
f8348a68-0de8-11e7-991c-3863bb43a7d0,D32016,Charles Circle - Charles St at Cambridge St,0,0,17,19,1730754159,0
f83489ff-0de8-11e7-991c-3863bb43a7d0,D32015,Chinatown Gate Plaza,3,1,16,19,1730754159,2
e32c0bb9-e85b-4764-b0fb-5c582cfd3a90,C32044,Blue Hill Ave at Almont St,6,0,13,19,1730754162,6
1942556871369959976,F32009,Hickey Park,11,0,8,19,1730754162,11
4f25f6ef-236b-43b4-8a92-68a24db0504b,V32015,Gramsdorf Playground,5,0,9,14,1730754163,5
81bfc33b-30d8-4881-b261-712715a8b2bc,C32057,Harrison Ave at Mullins Way,11,2,7,19,1730754164,9
12141b77-6e5f-444b-bace-2abf16db4fee,T32009,Salem State University - North Campus,9,0,2,11,1730754168,9
47c44bb1-d065-41f5-ad79-c18aee60af34,B32034,Boylston St at Jersey St,14,6,0,15,1730754168,8
f8349ed6-0de8-11e7-991c-3863bb43a7d0,K32002,Beacon St at Tappan St,6,1,9,15,1730754167,5
f83471a1-0de8-11e7-991c-3863bb43a7d0,B32008,Boston City Hall - 28 State St,14,3,9,25,1730754168,11
be18593a-9e4c-4a13-8bb2-a5bac3d9b2b3,C32105,606 American Legion Hwy at Canterbury St,12,0,6,18,1730754166,12
74cb9bf6-bb53-4c70-88d2-67998b99628c,C32051,Farragut Rd at E. 6th St,22,0,1,23,1730754172,22
2002248857751890568,L32009,Mill St. at Minuteman Bikeway,2,1,9,11,1730754172,1
f834824e-0de8-11e7-991c-3863bb43a7d0,D32008,Rowes Wharf at Atlantic Ave,3,0,12,15,1730754173,3
9cc65d3d-cfcc-45ff-8f75-7264556b1cf9,D32058,Brighton Ave at Linden St,0,0,18,19,1730754175,0
f8351490-0de8-11e7-991c-3863bb43a7d0,M32042,MIT Vassar St,12,0,41,53,1730754175,12
f834f8ca-0de8-11e7-991c-3863bb43a7d0,S32013,Magoun Square at Trum Field,0,0,19,19,1730754174,0
2002579415401984808,L32010,Medford St at Warren St,7,0,4,11,1730754179,7
a75d3da1-ce74-447f-8e80-52506a81aff3,V32016,Chelsea St at Vine St,9,0,2,11,1730754183,9
f834a838-0de8-11e7-991c-3863bb43a7d0,C32014,University of Massachusetts Boston - Campus Center,4,0,15,19,1730754184,4
f834fc57-0de8-11e7-991c-3863bb43a7d0,M32031,Danehy Park,9,0,7,17,1730754181,9
f8351726-0de8-11e7-991c-3863bb43a7d0,M32048,Third at Binney,11,0,4,15,1730754179,11
0b0467c1-0c90-4529-a556-fe4d57835bbb,C32088,Central Ave at River St,12,5,3,15,1730754183,7
f834caf2-0de8-11e7-991c-3863bb43a7d0,S32011,Teele Square,2,0,13,15,1730754183,2
f834ea45-0de8-11e7-991c-3863bb43a7d0,C32019,Uphams Corner,3,0,12,15,1730754196,3
53548ba4-ad0a-4d92-8e57-fd5c9f3ad102,D32048,Shawmut Ave at Oak St W,3,0,12,15,1730754196,3
f8351dc2-0de8-11e7-991c-3863bb43a7d0,S32015,Foss Park,6,1,9,15,1730754194,5
f834fede-0de8-11e7-991c-3863bb43a7d0,M32035,Rogers St & Land Blvd,7,0,11,19,1730754195,7
f714390d-6874-43fa-a079-a07f83c79c7b,G32001,Malden Center T Station,2,1,8,11,1730754195,1
ed6c012e-6d6c-41e7-8e01-90749fd67575,C32104,Cleary Sq,14,5,1,16,1730754195,9
1976642295079838524,F32013,Governors Ave at Lawrence Rd,5,3,6,11,1730754194,2
7feae3ce-ddf2-4a45-a123-1209c8a9182b,R32007,Revere Public Library,5,1,6,11,1730754194,4
f8346f6f-0de8-11e7-991c-3863bb43a7d0,A32008,Park Dr at Buswell St,11,0,4,15,1730754194,11
eb8824c3-9c84-4fec-8d6f-d537c8ab3beb,C32038,Washington St at Talbot Ave,4,0,15,17,1730754197,4
d1c0b0c2-6e4c-424e-a946-a2a95a711633,C32079,American Legion Hwy at Cummins Hwy,11,1,4,15,1730754193,10
2007420398783036020,D32062,Stuart St at Church St,9,0,11,20,1730754196,9
9c8366d8-3b58-4894-b281-09e22f6fe5f7,L32003,Mass Ave at Grafton St,3,0,8,11,1730754190,3
a83f982f-a4f1-43e4-98e8-c8f4a0bb7290,K32015,1200 Beacon St,2,1,13,15,1730754191,1
f8352ac4-0de8-11e7-991c-3863bb43a7d0,A32031,East Boston Neighborhood Health Center - 20 Maverick Square,14,2,2,16,1730754185,12
f8347b1e-0de8-11e7-991c-3863bb43a7d0,B32013,Brigham Circle - Francis St at Huntington Ave,6,1,8,15,1730754187,5
2104f242-2dde-4ec0-8197-4454b1021ac1,M32062,Inman Square at Springfield St.,7,3,18,25,1730754187,4
f834a7d1-0de8-11e7-991c-3863bb43a7d0,M32002,One Kendall Square at Hampshire St / Portland St,13,0,6,19,1730754187,13
f8351eb0-0de8-11e7-991c-3863bb43a7d0,A32025,Nashua Street at Red Auerbach Way,9,1,27,37,1730754187,8
f83483f3-0de8-11e7-991c-3863bb43a7d0,B32005,Christian Science Plaza - Massachusetts Ave at Westland Ave,17,3,1,19,1730754189,14
5f8ced09-665c-41e5-b67e-1e58fac21830,T32006,Lafayette at Leach St,6,0,5,11,1730754189,6
eee3aab6-bd98-4d1f-8887-9c4e2adce482,G32002,Northern Strand at Main St,3,1,7,11,1730754186,2
f83515d8-0de8-11e7-991c-3863bb43a7d0,M32045,Museum of Science,15,1,4,19,1730754187,14
f834b99d-0de8-11e7-991c-3863bb43a7d0,M32037,Ames St at Main St,16,4,2,19,1730754189,12
42886366-9cbf-432c-ba84-beef38877c87,S32038,Edgerly Education Center,0,0,14,15,1730754189,0
a3bf0bfe-198b-4160-a2fb-cc7d10cfb4cf,S32054,Union Square Station,11,1,7,19,1730754199,10
f834dc46-0de8-11e7-991c-3863bb43a7d0,B32020,Burlington Ave at Brookline Ave,13,2,0,15,1730754199,11
2d32e355-faee-407b-9bb7-45d80ffb059a,M32082,Broad Canal Way at Third Street,17,0,2,19,1730754198,17
f834ba08-0de8-11e7-991c-3863bb43a7d0,M32023,Harvard University / SEAS Cruft-Pierce Halls at 29 Oxford St,9,0,8,17,1730754198,9
403c0f6c-d01a-4171-a7be-3aa4dbb0d7d1,S32037,Craigie St at Summer St,9,3,10,19,1730754201,6
f834ec42-0de8-11e7-991c-3863bb43a7d0,E32006,Jackson Square T Stop,4,0,14,18,1730754202,4
81676204-e42f-4d3d-991e-9c1264f36229,E32008,Centre St at Seaverns Ave,11,0,4,15,1730754204,11
93381e13-cd04-4e10-ac81-9f5926aa01d5,M32054,699 Mt Auburn St,8,0,17,25,1730754204,8
12d463d2-ce50-43bd-81b1-6be4dbdbbc1b,C32083,Washington St at Walsh Playground,18,1,1,19,1730754205,17
f835260c-0de8-11e7-991c-3863bb43a7d0,B32032,Government Center - Cambridge St at Court St,5,0,29,35,1730754206,5
f8350204-0de8-11e7-991c-3863bb43a7d0,A32013,Surface Rd at India St,9,0,10,19,1730754207,9
f834ab92-0de8-11e7-991c-3863bb43a7d0,M32007,Cambridge St - at Columbia St / Webster Ave,10,3,5,15,1730754208,7
36f36eed-1070-49be-8b31-5676b8b3489f,D32032,Silber Way,16,0,3,19,1730754094,16
baab0b05-a028-4147-8432-a2726c7e48ea,S32019,Grove St at Community Path,12,0,3,15,1730754102,12
81323081-749c-44cf-ac62-0e6c64305c32,L32001,Railroad Lot and Minuteman Bikeway,6,0,5,11,1730754107,6
1994466222105870452,R32009,Revere Beach - Markey Footbridge,6,1,5,11,1730754099,5
99675a11-a92c-465c-bf5a-434b08ba5fc6,B32058,Lansdowne T Stop,12,4,15,27,1730754099,8
ef6ef93b-488f-496b-afbf-3aedfd967129,T32002,Salem Willows Park,10,0,5,15,1730754100,10
f834cfd8-0de8-11e7-991c-3863bb43a7d0,M32027,Binney St / Sixth St,13,0,5,19,1730754101,13
f8347f09-0de8-11e7-991c-3863bb43a7d0,D32001,New Balance - 20 Guest St,7,2,8,15,1730754101,5
dede6d5f-7d62-496e-a8ca-d5a64afe39c1,M32076,Old Morse Park at Putnam Ave,3,1,11,15,1730754100,2
888780ee-bf2f-474e-9622-6bc725aa1b00,T32017,Vinnin Square,4,0,7,11,1730754111,4
270ad97d-035d-472a-9827-76d3187afc56,K32011,Washington Sq,2,1,13,15,1730754111,1
f8352ba8-0de8-11e7-991c-3863bb43a7d0,A32033,The Eddy - New St at Sumner St,10,1,5,15,1730754122,9
8b97606e-a849-4db8-ae9b-4009fe48d90b,E32014,Ross Playground,7,1,12,19,1730754124,6
f834abfd-0de8-11e7-991c-3863bb43a7d0,M32013,Cambridge Main Library at Broadway / Trowbridge St,0,0,19,19,1730754124,0
90330e1a-dee5-4914-9d3f-3891aeca12ca,C32087,Spring St at Powell St,12,11,6,19,1730754124,1
f8346d23-0de8-11e7-991c-3863bb43a7d0,A32005,Brighton Mills - 370 Western Ave,1,0,14,15,1730754123,1
f834e534-0de8-11e7-991c-3863bb43a7d0,C32018,E Cottage St at Columbia Rd,6,1,13,19,1730754129,5
f8350cc1-0de8-11e7-991c-3863bb43a7d0,C32027,Franklin Park - Seaver St at Humboldt Ave,10,2,4,15,1730754128,8
f8352219-0de8-11e7-991c-3863bb43a7d0,B32023,MLK Blvd at Washington St,5,0,10,15,1730754125,5
25a9114f-66f0-427c-920f-5526ca84f056,B32035,Cleveland Circle,1,0,13,15,1730754127,1
f8346803-0de8-11e7-991c-3863bb43a7d0,A32001,Union Square - Brighton Ave at Cambridge St,1,0,18,19,1730754128,1
171f821a-93cf-4791-b322-0834a29c2c5a,S32039,Elm St at White St,3,0,16,19,1730754135,3
f8346b6f-0de8-11e7-991c-3863bb43a7d0,B32002,Ruggles T Stop - Columbus Ave at Melnea Cass Blvd,26,0,0,26,1730754135,26
f9524971-e9f9-4572-aebc-580e48de042f,M32081,Gore Street at Lambert Street,13,0,6,19,1730754136,13
f834662c-0de8-11e7-991c-3863bb43a7d0,B32012,Northeastern University - North Parking Lot,12,3,3,15,1730754138,9
f8347c41-0de8-11e7-991c-3863bb43a7d0,B32015,Landmark Center - Brookline Ave at Park Dr,14,0,0,15,1730754137,14
9721c80e-fc8f-474f-8918-b68c041d2836,M32086,Morgan Ave at North First St,13,0,10,23,1730754141,13
1cced911-b428-4cfd-81be-3a8f77ce7379,K32007,St Mary's,6,0,9,15,1730754144,6
1df03e33-c105-4e53-b013-d20056cd57f8,Z32999,Cummins Highway at Blue Hill Ave T Stop,9,1,4,14,1730754142,8
56817d8e-3a1c-431a-a529-1a600f80c364,C32053,Broadway T Stop,6,0,13,19,1730754145,6
68e5e79a-3c94-4848-b619-9c0829d7f687,W32004,Arsenal Yards,11,2,3,15,1730754145,9
f83517fa-0de8-11e7-991c-3863bb43a7d0,K32009,Cypress St at Clark Playground,0,0,15,15,1730754142,0
f834c7a9-0de8-11e7-991c-3863bb43a7d0,S32010,Clarendon Hill at Broadway,7,1,8,15,1730754145,6
f83511d4-0de8-11e7-991c-3863bb43a7d0,C32033,Savin Hill T Stop - S Sydney St at Bay St,9,1,4,14,1730754149,8
8a404180-7c2e-4dbe-9489-c478ed959282,V32014,Wellington MBTA,8,1,11,19,1730754150,7
9bfa4a32-5598-46ea-a1a1-17b4c6ed9d84,C32084,Washington St at Fuller St,7,1,8,15,1730754154,6
d5349097-b478-4b3f-9c46-d8fbcf38e3f4,W32007,Nichols Ave. at Watertown Greenway,6,0,6,12,1730754155,6
61168d8b-20b7-46c8-8f08-6ae1f100c4e0,S32048,Somerville High School & Central Library,3,0,13,17,1730754154,3
f8346ad7-0de8-11e7-991c-3863bb43a7d0,A32004,Longwood Ave at Binney St,9,2,5,15,1730754151,7
aa964f5b-fadf-4fc1-8c91-84ee36e15f0d,C32046,Roslindale Village - Washington St,2,0,13,15,1730754152,2
f8347ccd-0de8-11e7-991c-3863bb43a7d0,B32010,Kenmore Square,19,0,8,27,1730754152,19
57716f8d-c9ee-4768-8872-71343ec3ffd8,S32046,Gilman Square T at Medford St,3,1,16,19,1730754156,2
f8349440-0de8-11e7-991c-3863bb43a7d0,M32011,Central Square at Mass Ave / Essex St,9,0,9,19,1730754156,9
df03c61a-29d7-445d-9980-d7f058916591,D32042,Park Plaza at Charles St S.,10,1,9,19,1730754157,9
ccf82572-a142-4378-9a4b-5a51fcb4ef81,C32055,Codman Square Library,3,1,13,17,1730754157,2
f834a8a0-0de8-11e7-991c-3863bb43a7d0,C32013,JFK/UMass T Stop,12,0,19,31,1730754154,12
7e1dae55-4d3d-4a41-b969-2aeca70e0e69,A32032,Bremen St at Marion St,5,1,6,11,1730754177,4
fe90d430-d33f-48b2-a5cd-bc161b220939,M32077,Cambridge Crossing at North First Street,5,1,17,23,1730754177,4
1963613484180639992,W32009,Arsenal on the Charles,14,2,5,19,1730754176,12
f834f6a3-0de8-11e7-991c-3863bb43a7d0,C32020,ID Building East,14,0,3,17,1730754176,14
a6e0db4f-fc9b-42af-bfe0-36cc0259b717,B32060,700 Commonwealth Ave.,11,0,4,16,1730754177,11
903b9b5d-4244-43e4-8441-0d17f9a994f7,N32014,Washington St at Walnut St,10,4,1,11,1730754178,6
f8349b20-0de8-11e7-991c-3863bb43a7d0,M32012,Central Sq Post Office / Cambridge City Hall at Mass Ave / Pleasant St,4,0,10,17,1730754178,4
f83482d2-0de8-11e7-991c-3863bb43a7d0,D32009,Congress St at Boston City Hall,5,0,18,23,1730754181,5
b34694c2-c640-4f70-b196-1c357ab798e0,E32017,Butler T Stop,10,0,5,15,1730754181,10
f834b8b3-0de8-11e7-991c-3863bb43a7d0,M32022,Lower Cambridgeport at Magazine St / Riverside Rd,3,2,14,19,1730754181,1
5b1d2661-8a93-4f14-b242-ebc52792f951,C32047,Roslindale Village - South St,8,0,7,15,1730754182,8
f834708e-0de8-11e7-991c-3863bb43a7d0,C32007,Prudential Center - 101 Huntington Ave,14,4,4,18,1730754182,10
8d893519-bc21-4536-b346-f558988bc8ad,C32041,Fields Corner T Stop,10,1,5,15,1730754183,9
295553ea-851b-4ac2-a094-f9d1208e399a,C32067,Washington St at Peters Park,10,1,9,19,1730754185,9
ea65c25f-0718-4f79-8588-c58b9fe3a105,K32006,Commonwealth Ave At Babcock St,6,0,8,15,1730754185,6
0208190e-851c-417d-8bc7-1b218db97fbf,M32080,Main Street/Albany Street/Technology Square,9,0,14,23,1730754186,9
f8352b39-0de8-11e7-991c-3863bb43a7d0,A32055,Airport T Stop - Bremen St at Brooks St,14,3,1,15,1730754187,11
868ccc83-99e5-4faf-96eb-e1fae26b9741,C32091,645 Summer St,12,0,5,19,1730754188,12
d22265a8-a6d7-4922-a6b5-4be738a9e5c4,V32006,Glendale Square (Ferry St at Broadway),10,0,4,15,1730754188,10
f2b83aa2-86cd-4904-a099-74bf2023f768,S32023,30 Dane St,9,0,4,15,1730754188,9
e4678b17-face-42c3-9b5f-98418d31e3b6,G32003,Malden High School,3,2,8,11,1730754187,1
7560f0e3-267b-4fb3-bbfa-6e02010cfcb7,M32052,Cambridge Dept. of Public Works -147 Hampshire St.,11,3,8,19,1730754190,8
f8350b76-0de8-11e7-991c-3863bb43a7d0,E32007,S Huntington Ave at Heath St,1,0,14,15,1730754189,1
cf5f920f-b61d-4db0-b139-14aff04d577c,A32046,Canal St at Causeway St,11,1,10,23,1730754162,10
f834b101-0de8-11e7-991c-3863bb43a7d0,M32038,Harvard University River Houses at DeWolfe St / Cowperthwaite St,6,1,15,21,1730754160,5
7f68a70d-af0e-450a-b7a8-ce621cd0c8c1,D32036,Main St at Baldwin St,4,0,15,19,1730754165,4
f834a959-0de8-11e7-991c-3863bb43a7d0,D32020,Main St at Austin St,3,2,7,11,1730754165,1
1994054629753598708,C32114,780 Morrissey Blvd,15,2,0,15,1730754164,13
f83488be-0de8-11e7-991c-3863bb43a7d0,B32017,Dudley Square - Bolling Building,15,1,1,18,1730754164,14
c5cfd1ed-aa44-4e20-96bb-e334c96f0d68,A32040,Honan Library,11,0,4,15,1730754163,11
f83497b9-0de8-11e7-991c-3863bb43a7d0,M32018,Harvard Square at Mass Ave/ Dunster,16,0,2,19,1730754163,16
f83491d4-0de8-11e7-991c-3863bb43a7d0,C32010,Congress St at Sleeper St,15,0,8,23,1730754167,15
940638c5-7cd0-4a11-899e-86af3868d400,M32074,Concord Ave at Spinelli Place,7,0,12,19,1730754169,7
f8352534-0de8-11e7-991c-3863bb43a7d0,B32030,Walnut Ave at Warren St,7,0,8,15,1730754171,7
f8348622-0de8-11e7-991c-3863bb43a7d0,D32013,Boylston St at Berkeley St,16,1,4,19,1730754171,15
d7507124-4cab-4063-8445-a59a33a3d6e4,C32096,Knoll St at Centre St,10,2,9,19,1730754171,8
fbc512a5-4b98-4821-bcfb-bb0c7ac83543,D32043,Harrison Ave at Bennet St,7,0,12,19,1730754171,7
b6a8522d-296d-4c05-887d-842374520780,C32103,Morton St at Gallivan Blvd,3,0,12,15,1730754173,3
f835288a-0de8-11e7-991c-3863bb43a7d0,D32031,Oak Square - 615 Washington St,6,2,9,15,1730754173,4
1986302395589722758,V32017,Northern Strand - West St & Wellington Ave,7,0,4,11,1730754191,7
ff938129-8179-455c-9ac9-9fcb9fc0b6d5,M32079,Raymond Park at Walden St,3,0,16,19,1730754192,3
f8347e78-0de8-11e7-991c-3863bb43a7d0,D32005,Copley Square - Dartmouth St at Boylston St,23,0,9,33,1730754194,23
6aebc664-1e3c-479f-8f65-2bae99215ed3,F32002,Medford Sq - Riverside Ave at River St,6,1,5,11,1730754195,5
1e1b40cd-8e00-4b74-b147-be6b23f5c9e7,C32061,Albany St at E. Brookline St,6,0,9,15,1730754196,6
ad2cf74c-0e8c-4e15-8f19-2259e8c82f0f,C32063,Mass Ave T Station,8,1,8,16,1730754198,7
48abed77-c9ba-4a39-8a5c-6a1e9bb8a9a5,C32112,Meaney Playground - Pleasant St at E Cottage St,5,0,12,17,1730754197,5
f83513a7-0de8-11e7-991c-3863bb43a7d0,M32040,University Park,1,0,18,19,1730754199,1
1a661bb7-7d14-49e9-ac3d-22bafec8a2f0,H32005,Chelsea Station,9,7,2,11,1730754200,2
51bb4381-dae4-4aeb-b213-0614b807be29,D32033,Commonwealth Ave at Chiswick Rd,5,2,13,19,1730754199,3
f8351f1d-0de8-11e7-991c-3863bb43a7d0,K32008,Tappan St at Brookline Hills MBTA,8,0,7,15,1730754206,8
380de8b2-2728-4e4b-83f1-251bfbb5acf2,S32040,Community Path at Lowell St,0,0,19,19,1730754201,0
b205d2bb-bb76-49ac-8d14-85eec5a874d3,C23045,Morton St T,12,1,2,15,1730754201,11
f834723b-0de8-11e7-991c-3863bb43a7d0,B32007,Seaport Square - Seaport Blvd at Northern Ave,19,0,3,23,1730754201,19
1991922092203192944,D32030,Washington St at Temple Pl,4,0,15,19,1730754207,4
1965873511294959658,M32093,101 Smith Place,3,1,20,23,1730754207,2
f83492b4-0de8-11e7-991c-3863bb43a7d0,A32017,Commonwealth Ave at Griggs St,1,0,13,15,1730754208,1
8983c75a-12c1-4995-aedc-24c94bd895e3,D32047,Clarendon St at Newbury St,10,0,9,19,1730754209,10
23146f28-9762-4a6d-a6db-fcd4ff0e5d07,D32039,Charlestown Navy Yard,18,1,5,23,1730754209,17
f8350ecf-0de8-11e7-991c-3863bb43a7d0,C32031,Ryan Playground - Dorchester Ave at Harbor View St,1,0,14,15,1730754209,1
d7ec834e-9d9a-402c-9956-7d5f42676b94,M32089,Moore Youth Center,3,0,12,15,1730754093,3
f8352c92-0de8-11e7-991c-3863bb43a7d0,A32035,Orient Heights T Stop - Bennington St at Saratoga St,17,0,1,19,1730754091,17
f83464e4-0de8-11e7-991c-3863bb43a7d0,B32006,Colleges of the Fenway - Fenway at Avenue Louis Pasteur,15,1,0,15,1730754093,14
f8348481-0de8-11e7-991c-3863bb43a7d0,D32010,Cross St at Hanover St,2,1,16,19,1730754099,1
f8349ba9-0de8-11e7-991c-3863bb43a7d0,S32001,Somerville City Hall,9,0,10,19,1730754110,9
103a9881-e30a-4d57-b81d-863b995ff759,C32039,Park St at Norwell St,3,0,12,15,1730754110,3
bb27977d-36c1-496d-8bac-631b612dd7b8,D32035,Harvard Ave at Brainerd Rd,2,0,12,15,1730754111,2
7ec0c53c-876a-419c-a78b-4edd000bbc9a,C32090,Geiger Gibson Community Health Center,12,1,5,19,1730754105,11
f6df6c1a-064f-428a-951c-2069a081b9df,M32061,Mass Ave at Albany St,3,1,14,18,1730754106,2
70f20fcb-8e63-4015-9007-b97c525ab0a9,M32055,Harvard St at Greene-Rose Heritage Park,13,0,6,19,1730754109,13
ba634139-d7bf-448f-aac4-25995d36b67b,C32059,Belgrade Ave at Walworth St,9,0,6,15,1730754109,9
dfdaf866-b814-48e5-9bd3-eb7c4a733697,C23109,Cedar Grove T Stop,14,0,4,18,1730754113,14
c1ae49bd-2a20-4684-886b-ead8dd627cfd,D32061,Lenox St at Kendall St,16,0,0,17,1730754115,16
54d86d05-b399-42c5-a63a-a97713afc5d4,T32011,Essex St at Dalton Parkway,4,0,7,11,1730754115,4
ff6ed364-8676-45a0-b97f-71025683849e,C32089,Hyde Park Ave at Walk Hill St,5,0,10,15,1730754115,5
ccd6fdd4-b39e-46d7-b43c-7bacffb6bd87,N32009,Boston College T,4,0,12,17,1730754116,4
f8349c69-0de8-11e7-991c-3863bb43a7d0,S32002,Union Square - Somerville,6,1,13,19,1730754123,5
f83516b8-0de8-11e7-991c-3863bb43a7d0,M32047,Sidney Research Campus/Erie Street at Waverly,3,0,16,19,1730754125,3
342a2c60-71b0-4d19-98d6-47987cf20dbc,C32060,Tremont St at W. Dedham St,0,0,14,15,1730754122,0
f8351336-0de8-11e7-991c-3863bb43a7d0,M32039,Lesley University,6,0,9,15,1730754126,6
f834cf45-0de8-11e7-991c-3863bb43a7d0,M32026,359 Broadway - Broadway at Fayette Street,0,0,23,23,1730754127,0
5f726a7d-5c5d-48b1-9b13-06c77572a237,T32001,Salem Ferry Landing,8,0,3,11,1730754127,8
f83494b4-0de8-11e7-991c-3863bb43a7d0,K32001,Coolidge Corner - Beacon St at Centre St,4,1,15,19,1730754127,3
510239fe-69c3-458b-b53c-6ce001845f4a,A32037,Washington St at Egremont Rd,4,4,11,15,1730754129,0
f834fd36-0de8-11e7-991c-3863bb43a7d0,M32033,Alewife Station at Russell Field,9,1,13,23,1730754132,8
42a3ecca-af9a-4556-90ba-7631546f96f8,F32004,Harris Park,2,0,9,11,1730754133,2
20b0b405-54ba-4a80-b89c-0819772665db,A32045,Boston Landing,7,1,10,17,1730754136,6
53a148ca-ac69-4a9c-a986-9a4b4df2f5df,V32001,7 Acre Park,6,0,9,15,1730754138,6
9f54207a-3308-43bd-b45c-9042b6389598,C32080,Mt. Hope St at Hyde Park Ave,8,0,9,19,1730754139,8
518f6524-0e7f-454d-974e-e3ff9db1f795,W32005,Watertown City Hall,5,2,6,11,1730754142,3
f834b42d-0de8-11e7-991c-3863bb43a7d0,S32006,Davis Square,16,1,6,25,1730754141,15
1997031579059661288,L32007,Swan Place at Minuteman Bikeway,7,0,4,11,1730754146,7
f83510fd-0de8-11e7-991c-3863bb43a7d0,A32023,Bunker Hill Community College,18,2,5,23,1730754148,16
ec3eea05-a3ff-43c6-9e24-0c63f09b915f,S32035,191 Beacon St,1,0,18,19,1730754144,1
b995a0b4-fc26-4661-9bc8-e166d648edfd,C32050,Mattapan Library,4,0,11,15,1730754144,4
f8348995-0de8-11e7-991c-3863bb43a7d0,D32017,Mugar Way at Beacon St,3,1,16,19,1730754150,2
9ca92778-9101-48df-90ea-08b784e26a1a,M32065,Kennedy-Longfellow School 158 Spring St,3,1,16,19,1730754153,2
f36e24cd-de4c-4a5e-adf4-cb97ccd2958d,H32003,Chelsea Square,9,1,2,11,1730754150,8
0839bb10-e876-4198-95e4-0147a561853d,C32040,Gallivan Blvd at Adams St,11,0,4,15,1730754153,11
93911aa1-b5e4-48aa-a2b6-38fbcf613006,M32083,John Ahern Field at Kennedy-Longfellow School,3,0,16,19,1730754158,3
f8346768-0de8-11e7-991c-3863bb43a7d0,A32000,Fan Pier,12,1,2,15,1730754158,11
b23674a7-15a8-46d2-8219-6668acecf24a,C32106,555 Metropolitan Ave,13,1,5,18,1730754159,12
e68655be-23d3-46e5-a509-25be677e7542,V32013,Kearins Playground,2,0,9,11,1730754160,2
1960693490199507164,B32038,Chestnut Hill Ave at Ledgemere Rd,9,0,10,19,1730754161,9
ddcc8869-b8d4-483c-b9da-457fcebc8dc1,C32077,Columbus Ave at W. Canton St,1,0,17,19,1730754156,1
1975886280004030604,C32109,Centre St at Allandale St,9,0,14,23,1730754166,9
f834bbdd-0de8-11e7-991c-3863bb43a7d0,D32022,West End Park,2,0,33,35,1730754162,2
f834952a-0de8-11e7-991c-3863bb43a7d0,M32016,Harvard Kennedy School at Bennett St / Eliot St,22,2,1,23,1730754162,20
f834f814-0de8-11e7-991c-3863bb43a7d0,C32021,ID Building West,15,1,4,19,1730754167,14
83183df0-38c2-4ae8-a0c4-4b59599c9582,C32035,Troy Boston,1,0,13,14,1730754169,1
f83486ab-0de8-11e7-991c-3863bb43a7d0,C32005,Washington St at Lenox St,0,0,13,15,1730754169,0
2327cb08-fa9f-459b-9ab0-1a319b0f2f4c,C32102,Walnut Ave at School St,8,0,11,19,1730754172,8
f834e244-0de8-11e7-991c-3863bb43a7d0,E32004,Egleston Square - Atherton St at Washington St,3,0,12,15,1730754175,3
5018e851-f2f3-4e18-9914-c316bbcc2c3d,B32033,Huntington Ave at Mass Art,11,0,4,15,1730754178,11
1944724820826878816,M32092,Elevate at One Leighton,5,3,12,17,1730754176,2
676ca473-eed6-4971-aaf3-e199a7ca335b,C32086,Centre St at Parkway YMCA,3,0,15,19,1730754182,3
f834e1b2-0de8-11e7-991c-3863bb43a7d0,E32003,Hyde Square - Centre St at Perkins St,0,0,18,19,1730754181,0
f8349745-0de8-11e7-991c-3863bb43a7d0,M32017,Harvard Square at Brattle St / Eliot St,13,0,1,15,1730754181,13
02a4416f-80b4-4472-accd-5db482ed5b6d,M32057,Vassal Lane at Tobin/VLUS,5,0,14,19,1730754184,5
f834b49d-0de8-11e7-991c-3863bb43a7d0,S32007,Ball Sq,4,2,13,19,1730754184,2
f8349824-0de8-11e7-991c-3863bb43a7d0,M32009,Lafayette Square at Mass Ave / Main St / Columbia St,4,1,11,15,1730754183,3
f83524c0-0de8-11e7-991c-3863bb43a7d0,B32029,Columbia Rd at Ceylon St,13,1,1,15,1730754178,12
9e710d48-51c1-460e-a027-3d16bde62b13,A32041,Central Square East Boston,11,2,4,15,1730754179,9
abefafdc-c772-4671-86fe-fc15a42adebb,M32084,87-101 Cambridgepark Drive,7,0,16,23,1730754179,7
f8348509-0de8-11e7-991c-3863bb43a7d0,D32012,Post Office Square,14,0,5,19,1730754189,14
f8348136-0de8-11e7-991c-3863bb43a7d0,A32012,Packard's Corner - Commonwealth Ave at Brighton Ave,2,2,24,27,1730754190,0
f35de2ab-979e-42d5-8cbd-dc479ed637e9,H32001,Cary Square,4,0,8,12,1730754186,4
ce55d1b1-4267-40a9-ad44-5eab888ce18a,Z32998,Broadway at Kittie Knox Bike Path,16,0,6,23,1730754186,16
f83523e3-0de8-11e7-991c-3863bb43a7d0,B32027,NCAAA - Walnut Ave at Crawford St,4,2,11,15,1730754191,2
533620e8-00ff-494a-b288-bd67602bc98e,M32071,MIT Hayward St at Amherst St,17,1,8,27,1730754191,16
0adccd89-1d8d-44da-9f7c-5f18acafeddf,D32034,Commonwealth Ave at Kelton St,1,1,13,15,1730754192,0
40e58976-02cc-4c7c-911f-7a6c97588bfa,T32005,Salem MBTA - Washington at Federal St,10,0,3,13,1730754191,10
f834b5d9-0de8-11e7-991c-3863bb43a7d0,K32004,JFK Crossing at Harvard St. / Thorndike St.,6,0,8,15,1730754195,6
13918b3b-9ac5-4968-a74d-e40dd3bc952e,M32072,Galileo Galilei Way at Main Street,10,0,9,19,1730754196,10
5bc7cba9-f0b0-442d-932c-e8c7927d87ce,M32063,Sennott Park Broadway at Norfolk Street,10,0,9,19,1730754196,10
a18e1e55-507e-49d8-b7c0-5c0efd959125,D32037,Medford St at Charlestown BCYF,4,0,15,19,1730754201,4
287aedf5-0361-47e9-9de0-14ae3b75cc0d,A32057,Lewis Mall Wharf,12,1,9,21,1730754199,11
5afe91c4-8076-4f9f-b83b-cf233bda2331,A32047,Broad St at Central St,3,0,13,15,1730754200,3
f8347118-0de8-11e7-991c-3863bb43a7d0,A32010,South Station - 700 Atlantic Ave,36,0,11,47,1730754197,36
f8346894-0de8-11e7-991c-3863bb43a7d0,A32002,Commonwealth Ave at Agganis Way,14,2,0,15,1730754197,12
ef54374b-0406-4b17-b0a1-847f1d7bea06,C32065,Adams St at Lonsdale St,15,3,0,15,1730754201,12
2fd22786-dfeb-4126-a906-4f01802087f3,D32055,Boylston St at Dartmouth St,12,0,7,19,1730754204,12
f8351019-0de8-11e7-991c-3863bb43a7d0,A32022,Edwards Playground - Main St at Eden St,8,2,12,20,1730754204,6
0f554e1d-9f0f-452d-9b4a-e00aa2c5911e,A32052,Harvard Stadium: N. Harvard St at Soldiers Field Rd,12,1,2,15,1730754204,11
18e98210-d257-414a-92e3-8347c2cac9a5,R32001,Sumner St at Shirley Ave,7,1,4,11,1730754204,6
2ba0c5dd-c990-4434-8a84-5c3eca23f096,D32054,The Overlook at St. Gabriel's,1,1,18,19,1730754202,0
13444449-b3a8-43d2-b8b9-a59fbc59a174,V32011,Broadway at Beacham St,2,0,13,15,1730754203,2
350e73e3-6f70-4b2d-87ab-24c8629e9a6a,C32110,Talbot Ave T Station,10,0,9,19,1730754205,10
36a8fbc8-6069-4a29-bbfd-63a2d019c9a5,D32049,Stuart St at Berkeley St,8,0,11,19,1730754207,8
f24a573e-ef07-4785-9270-70c443510ea6,B32036,One Brigham Circle,1,0,13,15,1730754207,1
