num_scooters_available,num_docks_available,is_renting,is_returning,last_reported,eightd_has_available_keys,num_bikes_disabled,station_id,legacy_id,num_ebikes_available,is_installed,num_docks_disabled,num_scooters_unavailable,num_bikes_available
0.0,5,1,1,1730754089,False,0,88b35b6d-f355-44dc-b85e-ed2eb1bc9099,406,0,1,0,0.0,14
0.0,7,1,1,1730754102,False,0,918335df-fc1a-45c2-9cfc-c5e2e93aecc0,467,1,1,0,0.0,4
0.0,5,1,1,1730754106,False,0,199f3d59-e726-4549-b9c1-4dfc8a343fdb,508,0,1,0,0.0,5
0.0,9,1,1,1730754103,False,0,ec4e1168-25dc-4929-b17b-e4ae578dd888,425,0,1,0,0.0,7
0.0,14,1,1,1730754105,False,0,aefc33cd-40b9-48da-8b87-415428816bdb,488,0,1,0,0.0,2
0.0,10,1,1,1730754116,False,0,dcd76e42-eebc-4432-9726-cdb3372b0b07,557,0,1,0,0.0,9
0.0,2,1,1,1730754118,False,0,133d159e-a202-4310-910f-eca392fe181e,398,0,1,0,0.0,17
0.0,2,1,1,1730754119,False,0,f834a2a8-0de8-11e7-991c-3863bb43a7d0,85,0,1,0,0.0,15
0.0,2,1,1,1730754120,False,0,f8351569-0de8-11e7-991c-3863bb43a7d0,181,7,1,0,0.0,17
0.0,1,1,1,1730754095,False,0,f834e75d-0de8-11e7-991c-3863bb43a7d0,129,1,1,0,0.0,18
0.0,11,1,1,1730754093,False,0,f8351649-0de8-11e7-991c-3863bb43a7d0,183,0,1,0,0.0,8
0.0,16,1,1,1730754092,False,0,625f105e-4407-4988-9095-d1979cbda5e1,234,3,1,0,0.0,3
0.0,23,1,1,1730754099,False,1,f834d34b-0de8-11e7-991c-3863bb43a7d0,120,0,1,0,0.0,14
0.0,14,1,1,1730754097,False,0,4b5de733-9353-4873-9dc2-9558b3cb063a,393,0,1,0,0.0,1
0.0,14,1,1,1730754110,False,0,2363c5a3-93cc-41a2-a767-90f1826c041f,426,0,1,0,0.0,13
0.0,8,1,1,1730754110,False,0,77c1736c-a609-4453-94f7-8e4253a8193c,474,0,1,0,0.0,3
0.0,14,1,1,1730754112,False,0,eed9e64f-f09d-43c1-aa31-da968c66750a,368,1,1,0,0.0,1
0.0,6,1,1,1730754107,False,0,6cec3afa-554c-466f-8323-5c619fe0ddc6,6cec3afa-554c-466f-8323-5c619fe0ddc6,1,1,0,0.0,5
0.0,6,1,1,1730754107,False,1,82b41ffb-e284-4e4d-b22a-0cad2bfd4bee,443,0,1,0,0.0,12
0.0,9,1,1,1730754106,False,0,f8346e51-0de8-11e7-991c-3863bb43a7d0,17,0,1,0,0.0,6
0.0,5,1,1,1730754108,False,0,f8348598-0de8-11e7-991c-3863bb43a7d0,49,0,1,0,0.0,13
0.0,5,1,1,1730754109,False,0,768433a9-fc30-4485-b136-22d6f8a96f1c,768433a9-fc30-4485-b136-22d6f8a96f1c,3,1,0,0.0,6
0.0,3,1,1,1730754123,False,0,1997031876360597884,1997031876360597884,2,1,0,0.0,8
0.0,12,1,1,1730754123,False,1,f83473ea-0de8-11e7-991c-3863bb43a7d0,27,1,1,0,0.0,10
0.0,7,1,1,1730754124,False,0,ea00f276-26dc-48ee-b2c8-6e56fd632a2d,272,3,1,0,0.0,12
0.0,5,1,1,1730754122,False,0,8d535c23-f186-4161-aa10-17e94be6d4ae,436,0,1,0,0.0,10
0.0,5,1,1,1730754130,False,0,f83466c6-0de8-11e7-991c-3863bb43a7d0,6,1,1,0,0.0,10
0.0,3,1,1,1730754134,False,0,f8350129-0de8-11e7-991c-3863bb43a7d0,149,0,1,0,0.0,15
0.0,11,1,1,1730754136,False,0,1331197c-f6c6-4f4a-a29b-95e580359886,224,0,1,0,0.0,6
0.0,13,1,1,1730754137,False,0,f8351791-0de8-11e7-991c-3863bb43a7d0,186,1,1,0,0.0,2
0.0,1,1,1,1730754142,False,0,38706d8c-8d4b-49f7-b6ed-7688449db261,463,1,1,0,0.0,18
0.0,8,1,1,1730754143,False,0,a825b55d-3ab3-481f-9c50-d3a7313e6843,228,0,1,0,0.0,11
0.0,8,1,1,1730754138,False,0,13883905-f5c7-48a4-9344-4fbd75de70df,13883905-f5c7-48a4-9344-4fbd75de70df,0,1,0,0.0,1
0.0,3,1,1,1730754139,False,0,1994515539257334312,1994515539257334312,0,1,0,0.0,16
0.0,10,1,1,1730754139,False,0,f834b1ed-0de8-11e7-991c-3863bb43a7d0,99,0,1,0,0.0,5
0.0,1,1,1,1730754141,False,1,986068c4-d11a-465a-b8d0-bd0960c57f51,986068c4-d11a-465a-b8d0-bd0960c57f51,0,1,0,0.0,13
0.0,8,1,1,1730754139,False,0,f8350d30-0de8-11e7-991c-3863bb43a7d0,163,0,1,0,0.0,11
,10,1,1,1730754143,False,0,e4d5271f-5f76-401b-b7f0-c8dce3c26f10,462,0,1,0,,0
0.0,11,1,1,1730754140,False,0,829fa5a8-cc88-4ab2-9f34-b481aaa1612e,259,1,1,0,0.0,4
0.0,4,1,1,1730754143,False,0,d1a5e406-718c-44b9-b9dd-e63605b888aa,555,2,1,0,0.0,11
0.0,6,1,1,1730754143,False,0,97a1e4e7-a1ff-427a-aaea-48ca0d00bf9c,348,2,1,0,0.0,9
0.0,7,1,1,1730754149,False,1,f8346c96-0de8-11e7-991c-3863bb43a7d0,14,0,1,0,0.0,17
0.0,13,1,1,1730754150,False,0,f83532fa-0de8-11e7-991c-3863bb43a7d0,219,0,1,0,0.0,2
0.0,5,1,1,1730754150,False,0,f834b183-0de8-11e7-991c-3863bb43a7d0,98,2,1,0,0.0,17
0.0,10,1,1,1730754149,False,0,6eaa7343-402d-41c9-9aac-8c664fdbdcf1,6eaa7343-402d-41c9-9aac-8c664fdbdcf1,0,1,0,0.0,1
0.0,2,1,1,1730754148,False,0,f834c6f5-0de8-11e7-991c-3863bb43a7d0,111,0,1,0,0.0,12
0.0,2,1,1,1730754145,False,1,800bde2c-51df-497c-ac2d-bc3a8c00c164,800bde2c-51df-497c-ac2d-bc3a8c00c164,0,1,0,0.0,13
0.0,7,1,1,1730754196,False,0,803a0c16-4f81-44f1-8b49-a13fcdda40c1,370,2,1,0,0.0,12
0.0,10,1,1,1730754198,False,0,f8350199-0de8-11e7-991c-3863bb43a7d0,150,0,1,0,0.0,9
0.0,3,1,1,1730754198,False,0,f8351255-0de8-11e7-991c-3863bb43a7d0,174,1,1,0,0.0,12
0.0,5,1,1,1730754198,False,0,1991921362058752616,1991921362058752616,0,1,0,0.0,15
0.0,1,1,1,1730754194,False,0,ab6517ea-ed53-42eb-8881-657d362e56e8,560,0,1,0,0.0,14
0.0,12,1,1,1730754195,False,0,569f4952-5a25-4394-a419-f9c4d9cca6f3,495,0,1,0,0.0,7
0.0,7,1,1,1730754194,False,0,1986694622707704150,1986694622707704150,0,1,0,0.0,12
,27,1,1,1730754202,False,0,f83493c0-0de8-11e7-991c-3863bb43a7d0,67,0,1,0,,0
0.0,22,1,1,1730754199,False,0,1999644268058967024,1999644268058967024,0,1,0,0.0,2
0.0,9,1,1,1730754203,False,0,f8352973-0de8-11e7-991c-3863bb43a7d0,210,0,1,0,0.0,6
0.0,6,1,1,1730754204,False,1,25d6f87f-7025-48c5-b202-f91511a4ae19,25d6f87f-7025-48c5-b202-f91511a4ae19,0,1,0,0.0,12
0.0,8,1,1,1730754200,False,0,f834fcbe-0de8-11e7-991c-3863bb43a7d0,141,0,1,0,0.0,9
,11,1,1,1730754152,False,0,1ef5abb2-5af9-41f2-a0dd-1e44278ad9f1,502,0,1,0,,0
0.0,3,1,1,1730754152,False,0,e335fa7c-7adf-4360-9bfa-76b18124a56f,541,0,1,0,0.0,8
0.0,5,1,1,1730754152,False,2,f834a1de-0de8-11e7-991c-3863bb43a7d0,84,0,1,0,0.0,8
0.0,5,1,1,1730754154,False,0,4d953f0f-13b5-4b3d-b2da-342003ff7cba,4d953f0f-13b5-4b3d-b2da-342003ff7cba,1,1,0,0.0,6
0.0,10,1,1,1730754155,False,0,f834916a-0de8-11e7-991c-3863bb43a7d0,63,0,1,0,0.0,5
0.0,5,1,1,1730754157,False,0,15ec5783-ca7a-4225-ba51-cd0a45ecc975,15ec5783-ca7a-4225-ba51-cd0a45ecc975,0,1,0,0.0,6
0.0,8,1,1,1730754152,False,0,f8347a8b-0de8-11e7-991c-3863bb43a7d0,29,1,1,0,0.0,11
0.0,0,1,1,1730754159,False,0,57f5003b-6574-40b3-83d7-3b5dee1472e0,518,0,1,0,0.0,11
0.0,10,1,1,1730754158,False,0,f834b928-0de8-11e7-991c-3863bb43a7d0,106,1,1,0,0.0,5
0.0,6,1,1,1730754158,False,3,cad0e759-b605-458a-b772-768dcce81dc6,372,0,1,0,0.0,10
0.0,3,1,1,1730754162,False,0,f834d260-0de8-11e7-991c-3863bb43a7d0,119,4,1,0,0.0,12
0.0,10,1,1,1730754161,False,0,9fef6df2-7f8f-43fc-a85b-7dd5453860f9,437,2,1,0,0.0,9
0.0,11,1,1,1730754163,False,0,f8346dbd-0de8-11e7-991c-3863bb43a7d0,16,3,1,0,0.0,6
0.0,6,1,1,1730754157,False,1,40ee059e-8530-4992-9114-c16b87d6832f,441,1,1,0,0.0,12
0.0,2,1,1,1730754162,False,1,2438d052-2cd6-4fba-83c9-39f46cb59398,2438d052-2cd6-4fba-83c9-39f46cb59398,1,1,0,0.0,16
0.0,0,1,1,1730754168,False,0,f7d416f8-4377-4019-bba7-302dc1d5a11d,391,0,1,0,0.0,15
0.0,5,1,1,1730754168,False,0,1941776997216363308,1941776997216363308,0,1,0,0.0,6
0.0,15,1,1,1730754167,False,0,f606593b-3d07-40f2-bc6d-a0eb96588e44,456,0,1,0,0.0,4
0.0,9,1,1,1730754172,False,0,5d17f129-af8c-4f30-bc58-6a8279052772,543,0,1,0,0.0,10
0.0,3,1,1,1730754173,False,0,f834c5c9-0de8-11e7-991c-3863bb43a7d0,110,0,1,0,0.0,12
0.0,2,1,1,1730754173,False,0,f55cdf0a-3d7b-491c-bed2-7dc0ef2062d5,489,1,1,0,0.0,14
0.0,11,1,1,1730754174,False,0,f8347002-0de8-11e7-991c-3863bb43a7d0,20,3,1,0,0.0,12
0.0,7,1,1,1730754170,False,0,f8351f87-0de8-11e7-991c-3863bb43a7d0,192,0,1,0,0.0,12
0.0,5,1,1,1730754171,False,2,1ef9964d-47ac-4cd4-916e-7c006fa1e605,339,0,1,0,0.0,8
0.0,7,1,1,1730754178,False,0,1976280681456741062,1976280681456741062,0,1,0,0.0,4
0.0,2,1,1,1730754174,False,1,52ca4d94-587f-4a61-a298-a1a755e73bfb,362,1,1,0,0.0,16
0.0,16,1,1,1730754182,False,1,f834f036-0de8-11e7-991c-3863bb43a7d0,133,1,1,0,0.0,6
0.0,9,1,1,1730754179,False,0,8bc42f7f-753d-4cca-a7d6-0d7c2530ea2c,364,1,1,0,0.0,10
0.0,15,1,1,1730754183,False,0,e519df41-c4d7-403a-9afa-a5dd7cdd2d03,536,1,1,0,0.0,3
0.0,9,1,1,1730754178,False,0,acb27827-d69a-4287-b132-3f529ca62ad2,427,1,1,0,0.0,9
0.0,19,1,1,1730754187,False,0,f8348719-0de8-11e7-991c-3863bb43a7d0,52,0,1,0,0.0,4
0.0,5,1,1,1730754185,False,0,c111ef1a-f276-415d-a95e-8e3c4e3a0c03,522,0,1,0,0.0,10
0.0,2,1,1,1730754186,False,0,87b5a8b7-a330-4c51-ab32-7dafa292c88f,421,1,1,0,0.0,17
0.0,21,1,1,1730754185,False,0,f8349599-0de8-11e7-991c-3863bb43a7d0,71,0,1,0,0.0,2
0.0,13,1,1,1730754187,False,0,f835244e-0de8-11e7-991c-3863bb43a7d0,202,0,1,0,0.0,2
0.0,18,1,1,1730754192,False,0,1919521884659886482,1919521884659886482,1,1,0,0.0,1
0.0,6,1,1,1730754192,False,0,8e7c1984-dc81-43b0-a0d3-58c6de45225a,465,1,1,0,0.0,5
0.0,6,1,1,1730754193,False,0,01d29f8c-768d-4c4f-84ca-3de966075287,469,1,1,0,0.0,5
0.0,3,1,1,1730754191,False,0,f834a67b-0de8-11e7-991c-3863bb43a7d0,89,1,1,0,0.0,16
0.0,19,1,1,1730754191,False,0,1999639508813492766,1999639508813492766,0,1,0,0.0,1
0.0,14,1,1,1730754191,False,1,f834cb89-0de8-11e7-991c-3863bb43a7d0,115,0,1,0,0.0,4
0.0,11,1,1,1730754189,False,0,f834f948-0de8-11e7-991c-3863bb43a7d0,138,1,1,0,0.0,4
0.0,8,1,1,1730754192,False,0,1976640911178291400,1976640911178291400,0,1,0,0.0,3
0.0,1,1,1,1730754204,False,0,f8347ba8-0de8-11e7-991c-3863bb43a7d0,31,1,1,0,0.0,18
0.0,6,1,1,1730754207,False,0,5410aac7-2ec0-47b6-b728-b99c5137b463,5410aac7-2ec0-47b6-b728-b99c5137b463,1,1,0,0.0,5
0.0,6,1,1,1730754207,False,0,a6d6d4b2-3666-43ad-a690-7f676bdcc3fd,542,0,1,0,0.0,13
0.0,1,1,1,1730754208,False,0,25489822-e43a-4704-b2a8-d905b78ba77c,389,1,1,0,0.0,13
0.0,11,1,1,1730754209,False,0,9b0aff89-5242-475e-b03b-87c3c3bf51bb,477,1,1,0,0.0,8
0.0,5,1,1,1730754209,False,0,f8349070-0de8-11e7-991c-3863bb43a7d0,61,1,1,0,0.0,14
0.0,7,1,1,1730754210,False,0,b44b7c3d-c054-4591-92a9-3b96d86050ab,b44b7c3d-c054-4591-92a9-3b96d86050ab,0,1,0,0.0,4
0.0,6,1,1,1730754210,False,0,f8347ded-0de8-11e7-991c-3863bb43a7d0,35,1,1,0,0.0,25
0.0,7,1,1,1730754129,False,0,0bc49982-74e9-4bbf-9991-e3d809d6319e,530,7,1,0,0.0,12
0.0,3,1,1,1730754129,False,0,f83514f9-0de8-11e7-991c-3863bb43a7d0,180,0,1,0,0.0,16
0.0,10,1,1,1730754129,False,1,f8351ff1-0de8-11e7-991c-3863bb43a7d0,193,0,1,0,0.0,4
0.0,14,1,1,1730754130,False,1,c98f50f6-1901-4c64-b164-8cf33245e022,282,0,1,0,0.0,4
0.0,3,1,1,1730754121,False,0,e49a5b83-2c9c-4610-a48b-89cfea172c8f,504,3,1,0,0.0,8
0.0,9,1,1,1730754121,False,0,f834b50a-0de8-11e7-991c-3863bb43a7d0,102,2,1,0,0.0,5
0.0,6,1,1,1730754123,False,0,b5894555-30a3-46db-918a-fdeb083d6001,336,2,1,0,0.0,9
0.0,16,1,1,1730754123,False,0,f834ff5a-0de8-11e7-991c-3863bb43a7d0,145,0,1,0,0.0,2
0.0,6,1,1,1730754097,False,0,dd8dee9d-d044-41d6-9371-8463cf9c671b,526,1,1,0,0.0,9
0.0,1,1,1,1730754102,False,0,1994461916590643872,1994461916590643872,1,1,0,0.0,10
0.0,9,1,1,1730754102,False,0,f835259f-0de8-11e7-991c-3863bb43a7d0,205,0,1,0,0.0,6
0.0,5,1,1,1730754103,False,0,f8350be5-0de8-11e7-991c-3863bb43a7d0,160,0,1,0,0.0,9
0.0,31,1,1,1730754099,False,1,4764641e-b080-4c70-a1e1-049de81e09d0,273,0,1,0,0.0,7
0.0,1,1,1,1730754105,False,0,f4a64c30-b97f-4ae5-b531-a11698b558d7,562,0,1,0,0.0,8
0.0,3,1,1,1730754107,False,0,f8346c01-0de8-11e7-991c-3863bb43a7d0,13,0,1,0,0.0,16
0.0,8,1,1,1730754110,False,0,f1cafe36-f800-41f6-b74d-73953cb6394c,471,0,1,0,0.0,19
0.0,1,1,1,1730754106,False,1,f8353277-0de8-11e7-991c-3863bb43a7d0,218,1,1,0,0.0,13
0.0,14,1,1,1730754111,False,0,082262bd-086b-46c7-83ce-eed2b39142ff,416,0,1,0,0.0,1
0.0,4,1,1,1730754112,False,1,f8347361-0de8-11e7-991c-3863bb43a7d0,26,1,1,0,0.0,10
,15,1,1,1730754112,False,0,3dbbb3cb-b52d-46f8-8f9c-db11e83d081c,327,0,1,0,,0
0.0,9,1,1,1730754131,False,0,f8351e42-0de8-11e7-991c-3863bb43a7d0,189,0,1,0,0.0,14
0.0,11,1,1,1730754131,False,0,f834923d-0de8-11e7-991c-3863bb43a7d0,65,0,1,0,0.0,12
0.0,20,1,1,1730754133,False,0,f8352a4d-0de8-11e7-991c-3863bb43a7d0,212,0,1,0,0.0,13
0.0,11,1,1,1730754157,False,0,f83472d3-0de8-11e7-991c-3863bb43a7d0,25,2,1,0,0.0,4
0.0,1,1,1,1730754159,False,0,f834ffc9-0de8-11e7-991c-3863bb43a7d0,146,0,1,0,0.0,18
0.0,10,1,1,1730754159,False,0,ee0fa23e-a6c2-474d-a6ef-bf581d63f1ae,ee0fa23e-a6c2-474d-a6ef-bf581d63f1ae,0,1,0,0.0,1
0.0,20,1,1,1730754158,False,0,f8350c56-0de8-11e7-991c-3863bb43a7d0,161,1,1,0,0.0,3
0.0,15,1,1,1730754155,False,0,a9bc314b-a3fd-46e5-a63b-f005258bba5f,a9bc314b-a3fd-46e5-a63b-f005258bba5f,0,1,0,0.0,4
0.0,9,1,1,1730754157,False,1,25cc602a-152a-4abe-9df8-a131d0a5d94b,235,0,1,0,0.0,5
0.0,15,1,1,1730754158,False,0,1e3beeb4-f8e1-452c-93e5-48df78d4b313,334,0,1,0,0.0,4
0.0,5,1,1,1730754161,False,0,ee18dbd6-05b8-4d38-a120-f84c3499a77e,519,0,1,0,0.0,6
0.0,15,1,1,1730754162,False,2,f834db9b-0de8-11e7-991c-3863bb43a7d0,121,0,1,0,0.0,0
0.0,11,1,1,1730754162,False,0,57caf362-1e8b-46aa-9ee3-82341c405ab0,271,0,1,0,0.0,4
0.0,6,1,1,1730754162,False,0,f8346a3c-0de8-11e7-991c-3863bb43a7d0,10,0,1,0,0.0,5
0.0,9,1,1,1730754165,False,0,3f4f4ad4-a715-43d5-828f-f8381f26b66a,390,0,1,0,0.0,6
0.0,14,1,1,1730754165,False,0,a439fff7-8630-464c-b277-efca6f6bc664,531,0,1,0,0.0,1
0.0,2,1,1,1730754168,False,0,a51b429f-bf06-425a-b3fe-b3155aa6468c,a51b429f-bf06-425a-b3fe-b3155aa6468c,0,1,0,0.0,9
0.0,3,1,1,1730754172,False,0,efd724b2-31cb-4aec-b9d9-8ab79271630c,493,0,1,0,0.0,14
0.0,12,1,1,1730754172,False,0,f8349672-0de8-11e7-991c-3863bb43a7d0,72,1,1,0,0.0,11
0.0,4,1,1,1730754172,False,0,2002247509585342522,2002247509585342522,1,1,0,0.0,7
0.0,18,1,1,1730754089,False,0,f834a32d-0de8-11e7-991c-3863bb43a7d0,86,0,1,0,0.0,1
0.0,9,1,1,1730754140,False,0,13681246-4bf8-444a-a908-fa165e4ad298,329,1,1,0,0.0,6
0.0,5,1,1,1730754141,False,0,66763558-7a03-48a9-8665-6b4445b81f48,458,4,1,0,0.0,10
,15,1,1,1730754138,False,0,8b703219-1e16-4ba1-9f46-2b7030c7849a,360,0,1,0,,0
0.0,3,1,1,1730754092,False,0,b0b8e427-7203-4844-9c70-129e08a74452,347,4,1,0,0.0,12
0.0,6,1,1,1730754093,False,0,910f1452-dbeb-4e69-b226-71b2d7e85715,910f1452-dbeb-4e69-b226-71b2d7e85715,1,1,0,0.0,5
0.0,7,1,1,1730754097,False,0,31382324-2931-491a-827a-40149e45afee,232,0,1,0,0.0,4
0.0,2,1,1,1730754143,False,0,a9d13461-7f0f-47b0-9a97-8ec9e9792865,533,1,1,0,0.0,17
0.0,5,1,1,1730754146,False,0,be7e7068-b85f-42c1-8ea1-e1d64e531323,be7e7068-b85f-42c1-8ea1-e1d64e531323,0,1,0,0.0,10
0.0,15,1,1,1730754147,False,0,68323451-daf0-4532-a6cb-b070e3ef358f,68323451-daf0-4532-a6cb-b070e3ef358f,0,1,0,0.0,4
0.0,7,1,1,1730754148,False,0,e3f5d039-a49e-4b3b-ab4d-4efbef2068c6,e3f5d039-a49e-4b3b-ab4d-4efbef2068c6,0,1,0,0.0,16
0.0,11,1,1,1730754144,False,0,c935cfb1-ef73-402e-9b86-83aaaac6534d,478,0,1,0,0.0,8
0.0,5,1,1,1730754149,False,0,dc770287-c70c-43ea-a635-39f3dc6b09cd,dc770287-c70c-43ea-a635-39f3dc6b09cd,1,1,0,0.0,6
,17,1,1,1730754149,False,0,dd008e3c-ff17-4c82-abe0-502272a62425,558,0,1,0,,0
0.0,11,1,1,1730754152,False,0,2fded452-cbd0-4248-b008-f8a61ed9a85f,2fded452-cbd0-4248-b008-f8a61ed9a85f,0,1,0,0.0,4
0.0,17,1,1,1730754152,False,0,fae99a0c-e88a-4112-94d8-f655cf34e651,fae99a0c-e88a-4112-94d8-f655cf34e651,1,1,0,0.0,2
0.0,2,1,1,1730754153,False,0,7dd0fc98-c1dd-4c93-9c1d-4bbdf5f93346,473,1,1,0,0.0,13
0.0,17,1,1,1730754153,False,0,f835141c-0de8-11e7-991c-3863bb43a7d0,178,0,1,0,0.0,1
0.0,22,1,1,1730754153,False,0,609c2f06-310e-4134-8dd2-3d23aa41487b,609c2f06-310e-4134-8dd2-3d23aa41487b,0,1,0,0.0,1
0.0,3,1,1,1730754181,False,0,0cb6d635-6a7d-4d75-89b4-36b12616be12,432,4,1,0,0.0,16
0.0,2,1,1,1730754181,False,1,1206f5c8-7d1f-4c32-9d65-f3e80186fbde,511,1,1,0,0.0,16
0.0,9,1,1,1730754191,False,1,1984021766354634770,1984021766354634770,0,1,0,0.0,8
0.0,8,1,1,1730754191,False,0,634b697d-0e64-4102-8849-abac7a7f8e35,455,0,1,0,0.0,3
0.0,14,1,1,1730754189,False,0,f8349d6e-0de8-11e7-991c-3863bb43a7d0,79,2,1,0,0.0,4
0.0,7,1,1,1730754202,False,1,f834b652-0de8-11e7-991c-3863bb43a7d0,104,1,1,0,0.0,11
0.0,6,1,1,1730754202,False,0,f8348924-0de8-11e7-991c-3863bb43a7d0,57,2,1,0,0.0,8
0.0,17,1,1,1730754202,False,1,4caf6e93-ddd7-4b6f-9e61-f9df1206ac92,4caf6e93-ddd7-4b6f-9e61-f9df1206ac92,0,1,0,0.0,1
0.0,7,1,1,1730754201,False,1,d81e16e2-a410-4a0b-b5ae-b72748fc9781,d81e16e2-a410-4a0b-b5ae-b72748fc9781,0,1,0,0.0,11
0.0,16,1,1,1730754202,False,3,f8349de4-0de8-11e7-991c-3863bb43a7d0,80,0,1,0,0.0,16
0.0,12,1,1,1730754205,False,0,f836bc28-36a7-4ca6-bba6-0d75333d84bb,538,2,1,0,0.0,7
0.0,15,1,1,1730754205,False,0,fbb9b58c-2b92-4bcf-8e4c-a982e40d2f39,221,0,1,0,0.0,4
0.0,8,1,1,1730754204,False,0,f8352150-0de8-11e7-991c-3863bb43a7d0,196,0,1,0,0.0,1
0.0,14,1,1,1730754205,False,0,f834fb66-0de8-11e7-991c-3863bb43a7d0,139,0,1,0,0.0,5
0.0,4,1,1,1730754205,False,0,f834ca55-0de8-11e7-991c-3863bb43a7d0,113,0,1,0,0.0,10
0.0,2,1,1,1730754203,False,0,f8352306-0de8-11e7-991c-3863bb43a7d0,199,0,1,0,0.0,13
0.0,15,1,1,1730754200,False,0,1963273678015717438,1963273678015717438,0,1,0,0.0,4
0.0,13,1,1,1730754179,False,0,a3b94ed8-8301-4ec6-baf2-64ac493b5106,529,2,1,0,0.0,2
0.0,13,1,1,1730754179,False,0,f8348021-0de8-11e7-991c-3863bb43a7d0,39,3,1,0,0.0,14
0.0,6,1,1,1730754178,False,0,8f51f8f1-ecb8-4cd3-8529-296a03140c51,8f51f8f1-ecb8-4cd3-8529-296a03140c51,1,1,0,0.0,13
0.0,7,1,1,1730754186,False,0,3c837bc0-fd08-49c4-adf5-0e9a98e918a7,524,1,1,0,0.0,8
0.0,3,1,1,1730754184,False,0,3b158c7a-a362-43ae-af1f-121b78be32d7,483,1,1,0,0.0,14
0.0,5,1,1,1730754181,False,0,f8352c1a-0de8-11e7-991c-3863bb43a7d0,216,0,1,0,0.0,13
0.0,17,1,1,1730754181,False,0,2004828637786472956,2004828637786472956,1,1,0,0.0,2
0.0,8,1,1,1730754182,False,0,1961066392414132348,1961066392414132348,0,1,0,0.0,11
0.0,3,1,1,1730754187,False,0,f834fda2-0de8-11e7-991c-3863bb43a7d0,143,1,1,0,0.0,20
0.0,1,1,1,1730754195,False,0,f8348781-0de8-11e7-991c-3863bb43a7d0,53,1,1,0,0.0,18
0.0,20,1,1,1730754195,False,0,3a6d94a7-9fee-41c5-b8cc-a8487c5e691b,549,0,1,0,0.0,4
0.0,8,1,1,1730754195,False,0,af066ffd-b892-434f-8532-1982fc408780,480,0,1,0,0.0,3
0.0,5,1,1,1730754197,False,0,3de6e5da-9702-4623-8683-26abd98012a8,525,4,1,0,0.0,7
0.0,6,1,1,1730754196,False,0,50cc3c7f-50ed-4c70-b483-c89f3f47c938,491,0,1,0,0.0,13
0.0,13,1,1,1730754196,False,0,f8348857-0de8-11e7-991c-3863bb43a7d0,55,1,1,0,0.0,2
0.0,13,1,1,1730754196,False,0,f83487f0-0de8-11e7-991c-3863bb43a7d0,54,1,1,0,0.0,2
0.0,16,1,1,1730754199,False,0,f834d064-0de8-11e7-991c-3863bb43a7d0,118,1,1,0,0.0,3
0.0,13,1,1,1730754199,False,0,f835027c-0de8-11e7-991c-3863bb43a7d0,152,0,1,0,0.0,13
0.0,7,1,1,1730754196,False,0,dd05a440-f881-410c-a071-864da11c634a,318,0,1,0,0.0,12
,11,0,0,1727368080,False,0,9f582e05-15e0-4a39-aef5-c719e0c78e26,466,0,0,0,,0
0.0,19,1,1,1730754090,False,0,c202f2ca-ec1d-4dc5-a734-e0a342f23ba4,279,0,1,0,0.0,4
0.0,13,1,1,1730754091,False,0,8347c34d-68df-404b-ac58-7a387cc3ce4b,414,0,1,0,0.0,10
0.0,8,1,1,1730754097,False,0,186accbb-6a08-4e1d-b267-9033c4443a56,401,1,1,0,0.0,7
,15,1,1,1730754096,False,0,0daf7408-7a15-4d2b-8c39-f1a097cdbe85,403,0,1,0,,0
0.0,0,0,0,1730736353,False,14,f8352378-0de8-11e7-991c-3863bb43a7d0,200,0,1,0,0.0,0
0.0,14,1,1,1730754104,False,0,ca76adb6-4c84-4484-9ec3-b411b81ddbef,ca76adb6-4c84-4484-9ec3-b411b81ddbef,0,1,0,0.0,5
0.0,4,1,1,1730754107,False,0,4fe8e777-345b-4fc2-a684-dd874e8186d8,4fe8e777-345b-4fc2-a684-dd874e8186d8,2,1,0,0.0,11
0.0,8,1,1,1730754111,False,0,f8285d4f-5053-4e26-bb28-72016fe11353,405,0,1,0,0.0,11
0.0,4,1,1,1730754115,False,0,fe534b6f-61ad-47d3-b9f6-cdaa128f53a4,395,5,1,0,0.0,11
0.0,0,1,1,1730754113,False,0,bd1755dc-f26c-420e-85b3-fd025d0b5445,554,2,1,0,0.0,15
0.0,4,1,1,1730754119,False,0,065e0e5d-8a0d-49b7-9c1f-c8eaba51a8b4,490,4,1,0,0.0,14
0.0,7,1,1,1730754121,False,0,1a39ab83-f029-4134-aad4-35380b30bf2c,1a39ab83-f029-4134-aad4-35380b30bf2c,1,1,0,0.0,12
0.0,5,1,1,1730754117,False,0,ad2fb6f2-921f-440c-83de-08be76e35c2a,468,3,1,0,0.0,10
0.0,9,1,1,1730754119,False,1,f834dedf-0de8-11e7-991c-3863bb43a7d0,124,0,1,0,0.0,3
0.0,10,1,1,1730754127,False,0,1978882443666915710,1978882443666915710,1,1,0,0.0,8
0.0,9,1,1,1730754126,False,0,c5017e67-cada-4549-a52e-0f13dddd289d,424,0,1,0,0.0,10
0.0,11,1,1,1730754125,False,0,f83512c9-0de8-11e7-991c-3863bb43a7d0,175,1,1,0,0.0,6
0.0,4,1,1,1730754125,False,0,e2c306f6-82c7-4d0d-89fd-c9452d2f9ad1,361,0,1,0,0.0,15
0.0,20,1,1,1730754124,False,0,bd3d4824-7203-4edc-a314-cea2b413e886,319,0,1,0,0.0,7
0.0,5,1,1,1730754124,False,0,9340e113-e0b2-48ac-b58a-8b6f001b0a94,486,2,1,0,0.0,6
0.0,5,1,1,1730754128,False,0,fe6a64e7-c712-404c-85ae-ee77a37245b1,355,0,1,0,0.0,12
0.0,11,1,1,1730754129,False,0,f8349e56-0de8-11e7-991c-3863bb43a7d0,81,1,1,0,0.0,8
0.0,5,1,1,1730754123,False,0,13d4171b-6d93-490e-923f-f2a17d5c7613,13d4171b-6d93-490e-923f-f2a17d5c7613,0,1,0,0.0,6
0.0,7,1,1,1730754131,False,1,f0f01d4c-ba4a-4ab2-9cc0-9fa1f9223300,394,3,1,0,0.0,6
0.0,6,1,1,1730754131,False,1,c1789d39-705f-4c03-9c14-4d6a3a4f4400,561,1,1,0,0.0,12
0.0,13,1,1,1730754129,False,1,f8352068-0de8-11e7-991c-3863bb43a7d0,194,0,1,0,0.0,5
0.0,15,1,1,1730754136,False,0,f83520d8-0de8-11e7-991c-3863bb43a7d0,195,0,1,0,0.0,8
0.0,5,1,1,1730754133,False,2,1676a6f7-c417-48d2-92e8-5ce21995efc3,374,3,1,0,0.0,12
0.0,14,1,1,1730754140,False,1,7df1ee28-441e-44c1-8507-8f58946be96b,239,0,1,0,0.0,0
0.0,10,1,1,1730754136,False,0,f835108b-0de8-11e7-991c-3863bb43a7d0,170,1,1,0,0.0,4
0.0,5,1,1,1730754136,False,0,f8350a84-0de8-11e7-991c-3863bb43a7d0,157,0,1,0,0.0,10
0.0,7,1,1,1730754137,False,0,228b8017-e4da-4722-9223-b8279a14b8ad,448,1,1,0,0.0,4
0.0,10,1,1,1730754143,False,0,9e9be067-c6bb-41de-9491-eda69d24d6de,371,1,1,0,0.0,9
,11,1,1,1730754143,False,0,52485851-e554-49de-ab9f-f536806d2d34,52485851-e554-49de-ab9f-f536806d2d34,0,1,0,,0
0.0,9,1,1,1730754142,False,0,aa556ad4-0092-4687-96c2-8dbc69addb56,485,1,1,0,0.0,2
0.0,16,1,1,1730754146,False,0,f83480a9-0de8-11e7-991c-3863bb43a7d0,40,0,1,0,0.0,3
0.0,18,1,1,1730754145,False,0,5bbdd12f-fec4-4741-9d5d-4a60834c5d02,377,1,1,0,0.0,1
0.0,7,1,1,1730754145,False,0,6e340d8e-45db-4fd9-b6eb-b74ec73b0d3e,535,2,1,0,0.0,7
0.0,15,1,1,1730754149,False,0,f834658f-0de8-11e7-991c-3863bb43a7d0,4,3,1,0,0.0,4
,15,1,1,1730754149,False,0,f834a3a0-0de8-11e7-991c-3863bb43a7d0,87,0,1,0,,0
0.0,12,1,1,1730754150,False,0,7c860828-3359-4229-b59b-963f5a4bab00,236,1,1,0,0.0,3
0.0,4,1,1,1730754152,False,0,f83529e2-0de8-11e7-991c-3863bb43a7d0,211,0,1,0,0.0,11
0.0,4,1,1,1730754153,False,0,c23a4c0d-7e43-4042-80e2-7c894d07763b,559,2,1,0,0.0,7
0.0,7,1,1,1730754148,False,1,00802fe6-4268-4dc8-8f55-0dbbc1665ce6,515,1,1,0,0.0,11
0.0,8,1,1,1730754153,False,0,f83481c5-0de8-11e7-991c-3863bb43a7d0,42,4,1,0,0.0,23
0.0,6,1,1,1730754152,False,0,1921360868231155718,1921360868231155718,0,1,0,0.0,13
0.0,1,1,1,1730754154,False,0,4c128753-6fde-4d4c-896e-a1adf89ada98,4c128753-6fde-4d4c-896e-a1adf89ada98,2,1,0,0.0,24
0.0,17,1,1,1730754159,False,2,f8348a68-0de8-11e7-991c-3863bb43a7d0,60,0,1,0,0.0,0
0.0,16,1,1,1730754159,False,0,f83489ff-0de8-11e7-991c-3863bb43a7d0,59,1,1,0,0.0,3
0.0,13,1,1,1730754162,False,0,e32c0bb9-e85b-4764-b0fb-5c582cfd3a90,340,0,1,0,0.0,6
0.0,8,1,1,1730754162,False,0,1942556871369959976,1942556871369959976,0,1,0,0.0,11
0.0,9,1,1,1730754163,False,0,4f25f6ef-236b-43b4-8a92-68a24db0504b,4f25f6ef-236b-43b4-8a92-68a24db0504b,0,1,0,0.0,5
0.0,7,1,1,1730754164,False,0,81bfc33b-30d8-4881-b261-712715a8b2bc,363,2,1,0,0.0,11
0.0,2,1,1,1730754168,False,0,12141b77-6e5f-444b-bace-2abf16db4fee,12141b77-6e5f-444b-bace-2abf16db4fee,0,1,0,0.0,9
0.0,0,1,1,1730754168,False,1,47c44bb1-d065-41f5-ad79-c18aee60af34,342,6,1,0,0.0,14
0.0,9,1,1,1730754167,False,0,f8349ed6-0de8-11e7-991c-3863bb43a7d0,82,1,1,0,0.0,6
0.0,9,1,1,1730754168,False,2,f83471a1-0de8-11e7-991c-3863bb43a7d0,23,3,1,0,0.0,14
0.0,6,1,1,1730754166,False,0,be18593a-9e4c-4a13-8bb2-a5bac3d9b2b3,547,0,1,0,0.0,12
0.0,1,1,1,1730754172,False,0,74cb9bf6-bb53-4c70-88d2-67998b99628c,296,0,1,0,0.0,22
0.0,9,1,1,1730754172,False,0,2002248857751890568,2002248857751890568,1,1,0,0.0,2
0.0,12,1,1,1730754173,False,0,f834824e-0de8-11e7-991c-3863bb43a7d0,43,0,1,0,0.0,3
,18,1,1,1730754175,False,0,9cc65d3d-cfcc-45ff-8f75-7264556b1cf9,9cc65d3d-cfcc-45ff-8f75-7264556b1cf9,0,1,0,,0
0.0,41,1,1,1730754175,False,0,f8351490-0de8-11e7-991c-3863bb43a7d0,179,0,1,0,0.0,12
,19,1,1,1730754174,False,0,f834f8ca-0de8-11e7-991c-3863bb43a7d0,137,0,1,0,,0
0.0,4,1,1,1730754179,False,0,2002579415401984808,2002579415401984808,0,1,0,0.0,7
0.0,2,1,1,1730754183,False,0,a75d3da1-ce74-447f-8e80-52506a81aff3,a75d3da1-ce74-447f-8e80-52506a81aff3,0,1,0,0.0,9
0.0,15,1,1,1730754184,False,0,f834a838-0de8-11e7-991c-3863bb43a7d0,92,0,1,0,0.0,4
0.0,7,1,1,1730754181,False,1,f834fc57-0de8-11e7-991c-3863bb43a7d0,140,0,1,0,0.0,9
0.0,4,1,1,1730754179,False,0,f8351726-0de8-11e7-991c-3863bb43a7d0,185,0,1,0,0.0,11
0.0,3,1,1,1730754183,False,0,0b0467c1-0c90-4529-a556-fe4d57835bbb,435,5,1,0,0.0,12
0.0,13,1,1,1730754183,False,0,f834caf2-0de8-11e7-991c-3863bb43a7d0,114,0,1,0,0.0,2
0.0,12,1,1,1730754196,False,0,f834ea45-0de8-11e7-991c-3863bb43a7d0,130,0,1,0,0.0,3
0.0,12,1,1,1730754196,False,0,53548ba4-ad0a-4d92-8e57-fd5c9f3ad102,399,0,1,0,0.0,3
0.0,9,1,1,1730754194,False,0,f8351dc2-0de8-11e7-991c-3863bb43a7d0,188,1,1,0,0.0,6
0.0,11,1,1,1730754195,False,0,f834fede-0de8-11e7-991c-3863bb43a7d0,144,0,1,0,0.0,7
0.0,8,1,1,1730754195,False,0,f714390d-6874-43fa-a079-a07f83c79c7b,f714390d-6874-43fa-a079-a07f83c79c7b,1,1,0,0.0,2
0.0,1,1,1,1730754195,False,1,ed6c012e-6d6c-41e7-8e01-90749fd67575,546,5,1,0,0.0,14
0.0,6,1,1,1730754194,False,0,1976642295079838524,1976642295079838524,3,1,0,0.0,5
0.0,6,1,1,1730754194,False,0,7feae3ce-ddf2-4a45-a123-1209c8a9182b,484,1,1,0,0.0,5
0.0,4,1,1,1730754194,False,0,f8346f6f-0de8-11e7-991c-3863bb43a7d0,19,0,1,0,0.0,11
0.0,15,1,1,1730754197,False,0,eb8824c3-9c84-4fec-8d6f-d537c8ab3beb,349,0,1,0,0.0,4
0.0,4,1,1,1730754193,False,0,d1c0b0c2-6e4c-424e-a946-a2a95a711633,422,1,1,0,0.0,11
0.0,11,1,1,1730754196,False,0,2007420398783036020,2007420398783036020,0,1,0,0.0,9
0.0,8,1,1,1730754190,False,0,9c8366d8-3b58-4894-b281-09e22f6fe5f7,464,0,1,0,0.0,3
0.0,13,1,1,1730754191,False,0,a83f982f-a4f1-43e4-98e8-c8f4a0bb7290,452,1,1,0,0.0,2
0.0,2,1,1,1730754185,False,0,f8352ac4-0de8-11e7-991c-3863bb43a7d0,213,2,1,0,0.0,14
0.0,8,1,1,1730754187,False,0,f8347b1e-0de8-11e7-991c-3863bb43a7d0,30,1,1,0,0.0,6
0.0,18,1,1,1730754187,False,0,2104f242-2dde-4ec0-8197-4454b1021ac1,381,3,1,0,0.0,7
0.0,6,1,1,1730754187,False,0,f834a7d1-0de8-11e7-991c-3863bb43a7d0,91,0,1,0,0.0,13
0.0,27,1,1,1730754187,False,1,f8351eb0-0de8-11e7-991c-3863bb43a7d0,190,1,1,0,0.0,9
0.0,1,1,1,1730754189,False,1,f83483f3-0de8-11e7-991c-3863bb43a7d0,46,3,1,0,0.0,17
0.0,5,1,1,1730754189,False,0,5f8ced09-665c-41e5-b67e-1e58fac21830,521,0,1,0,0.0,6
0.0,7,1,1,1730754186,False,1,eee3aab6-bd98-4d1f-8887-9c4e2adce482,eee3aab6-bd98-4d1f-8887-9c4e2adce482,1,1,0,0.0,3
0.0,4,1,1,1730754187,False,0,f83515d8-0de8-11e7-991c-3863bb43a7d0,182,1,1,0,0.0,15
0.0,2,1,1,1730754189,False,1,f834b99d-0de8-11e7-991c-3863bb43a7d0,107,4,1,0,0.0,16
,14,1,1,1730754189,False,0,42886366-9cbf-432c-ba84-beef38877c87,408,0,1,0,,0
0.0,7,1,1,1730754199,False,1,a3bf0bfe-198b-4160-a2fb-cc7d10cfb4cf,a3bf0bfe-198b-4160-a2fb-cc7d10cfb4cf,1,1,0,0.0,11
0.0,0,1,1,1730754199,False,2,f834dc46-0de8-11e7-991c-3863bb43a7d0,122,2,1,0,0.0,13
0.0,2,1,1,1730754198,False,0,2d32e355-faee-407b-9bb7-45d80ffb059a,2d32e355-faee-407b-9bb7-45d80ffb059a,0,1,0,0.0,17
0.0,8,1,1,1730754198,False,0,f834ba08-0de8-11e7-991c-3863bb43a7d0,108,0,1,0,0.0,9
0.0,10,1,1,1730754201,False,0,403c0f6c-d01a-4171-a7be-3aa4dbb0d7d1,407,3,1,0,0.0,9
0.0,14,1,1,1730754202,False,0,f834ec42-0de8-11e7-991c-3863bb43a7d0,131,0,1,0,0.0,4
0.0,4,1,1,1730754204,False,0,81676204-e42f-4d3d-991e-9c1264f36229,357,0,1,0,0.0,11
0.0,17,1,1,1730754204,False,0,93381e13-cd04-4e10-ac81-9f5926aa01d5,333,0,1,0,0.0,8
0.0,1,1,1,1730754205,False,0,12d463d2-ce50-43bd-81b1-6be4dbdbbc1b,430,1,1,0,0.0,18
0.0,29,1,1,1730754206,False,1,f835260c-0de8-11e7-991c-3863bb43a7d0,206,0,1,0,0.0,5
0.0,10,1,1,1730754207,False,0,f8350204-0de8-11e7-991c-3863bb43a7d0,151,0,1,0,0.0,9
0.0,5,1,1,1730754208,False,0,f834ab92-0de8-11e7-991c-3863bb43a7d0,95,3,1,0,0.0,10
0.0,3,1,1,1730754094,False,0,36f36eed-1070-49be-8b31-5676b8b3489f,227,0,1,0,0.0,16
0.0,3,1,1,1730754102,False,0,baab0b05-a028-4147-8432-a2726c7e48ea,328,0,1,0,0.0,12
0.0,5,1,1,1730754107,False,0,81323081-749c-44cf-ac62-0e6c64305c32,461,0,1,0,0.0,6
0.0,5,1,1,1730754099,False,0,1994466222105870452,1994466222105870452,1,1,0,0.0,6
0.0,15,1,1,1730754099,False,0,99675a11-a92c-465c-bf5a-434b08ba5fc6,400,4,1,0,0.0,12
0.0,5,1,1,1730754100,False,0,ef6ef93b-488f-496b-afbf-3aedfd967129,517,0,1,0,0.0,10
0.0,5,1,1,1730754101,False,1,f834cfd8-0de8-11e7-991c-3863bb43a7d0,117,0,1,0,0.0,13
0.0,8,1,1,1730754101,False,0,f8347f09-0de8-11e7-991c-3863bb43a7d0,37,2,1,0,0.0,7
0.0,11,1,1,1730754100,False,1,dede6d5f-7d62-496e-a8ca-d5a64afe39c1,544,1,1,0,0.0,3
0.0,7,1,1,1730754111,False,0,888780ee-bf2f-474e-9622-6bc725aa1b00,888780ee-bf2f-474e-9622-6bc725aa1b00,0,1,0,0.0,4
0.0,13,1,1,1730754111,False,0,270ad97d-035d-472a-9827-76d3187afc56,402,1,1,0,0.0,2
0.0,5,1,1,1730754122,False,0,f8352ba8-0de8-11e7-991c-3863bb43a7d0,215,1,1,0,0.0,10
0.0,12,1,1,1730754124,False,0,8b97606e-a849-4db8-ae9b-4009fe48d90b,556,1,1,0,0.0,7
,19,1,1,1730754124,False,0,f834abfd-0de8-11e7-991c-3863bb43a7d0,96,0,1,0,,0
0.0,6,1,1,1730754124,False,1,90330e1a-dee5-4914-9d3f-3891aeca12ca,434,11,1,0,0.0,12
0.0,14,1,1,1730754123,False,0,f8346d23-0de8-11e7-991c-3863bb43a7d0,15,0,1,0,0.0,1
0.0,13,1,1,1730754129,False,0,f834e534-0de8-11e7-991c-3863bb43a7d0,128,1,1,0,0.0,6
0.0,4,1,1,1730754128,False,1,f8350cc1-0de8-11e7-991c-3863bb43a7d0,162,2,1,0,0.0,10
0.0,10,1,1,1730754125,False,0,f8352219-0de8-11e7-991c-3863bb43a7d0,197,0,1,0,0.0,5
0.0,13,1,1,1730754127,False,0,25a9114f-66f0-427c-920f-5526ca84f056,346,0,1,0,0.0,1
0.0,18,1,1,1730754128,False,0,f8346803-0de8-11e7-991c-3863bb43a7d0,8,0,1,0,0.0,1
0.0,16,1,1,1730754135,False,0,171f821a-93cf-4791-b322-0834a29c2c5a,409,0,1,0,0.0,3
0.0,0,1,1,1730754135,False,0,f8346b6f-0de8-11e7-991c-3863bb43a7d0,12,0,1,0,0.0,26
0.0,6,1,1,1730754136,False,0,f9524971-e9f9-4572-aebc-580e48de042f,f9524971-e9f9-4572-aebc-580e48de042f,0,1,0,0.0,13
0.0,3,1,1,1730754138,False,0,f834662c-0de8-11e7-991c-3863bb43a7d0,5,3,1,0,0.0,12
0.0,0,1,1,1730754137,False,0,f8347c41-0de8-11e7-991c-3863bb43a7d0,32,0,1,0,0.0,14
0.0,10,1,1,1730754141,False,0,9721c80e-fc8f-474f-8918-b68c041d2836,9721c80e-fc8f-474f-8918-b68c041d2836,0,1,0,0.0,13
0.0,9,1,1,1730754144,False,0,1cced911-b428-4cfd-81be-3a8f77ce7379,233,0,1,0,0.0,6
0.0,4,1,1,1730754142,False,1,1df03e33-c105-4e53-b013-d20056cd57f8,1df03e33-c105-4e53-b013-d20056cd57f8,1,1,0,0.0,9
0.0,13,1,1,1730754145,False,0,56817d8e-3a1c-431a-a529-1a600f80c364,366,0,1,0,0.0,6
0.0,3,1,1,1730754145,False,1,68e5e79a-3c94-4848-b619-9c0829d7f687,475,2,1,0,0.0,11
,15,1,1,1730754142,False,0,f83517fa-0de8-11e7-991c-3863bb43a7d0,187,0,1,0,,0
0.0,8,1,1,1730754145,False,0,f834c7a9-0de8-11e7-991c-3863bb43a7d0,112,1,1,0,0.0,7
0.0,4,1,1,1730754149,False,1,f83511d4-0de8-11e7-991c-3863bb43a7d0,173,1,1,0,0.0,9
0.0,11,1,1,1730754150,False,0,8a404180-7c2e-4dbe-9489-c478ed959282,8a404180-7c2e-4dbe-9489-c478ed959282,1,1,0,0.0,8
0.0,8,1,1,1730754154,False,0,9bfa4a32-5598-46ea-a1a1-17b4c6ed9d84,431,1,1,0,0.0,7
0.0,6,1,1,1730754155,False,0,d5349097-b478-4b3f-9c46-d8fbcf38e3f4,509,0,1,0,0.0,6
0.0,13,1,1,1730754154,False,1,61168d8b-20b7-46c8-8f08-6ae1f100c4e0,550,0,1,0,0.0,3
0.0,5,1,1,1730754151,False,1,f8346ad7-0de8-11e7-991c-3863bb43a7d0,11,2,1,0,0.0,9
0.0,13,1,1,1730754152,False,0,aa964f5b-fadf-4fc1-8c91-84ee36e15f0d,341,0,1,0,0.0,2
0.0,8,1,1,1730754152,False,0,f8347ccd-0de8-11e7-991c-3863bb43a7d0,33,0,1,0,0.0,19
0.0,16,1,1,1730754156,False,0,57716f8d-c9ee-4768-8872-71343ec3ffd8,514,1,1,0,0.0,3
0.0,9,1,1,1730754156,False,0,f8349440-0de8-11e7-991c-3863bb43a7d0,68,0,1,0,0.0,9
0.0,9,1,1,1730754157,False,0,df03c61a-29d7-445d-9980-d7f058916591,345,1,1,0,0.0,10
0.0,13,1,1,1730754157,False,1,ccf82572-a142-4378-9a4b-5a51fcb4ef81,350,1,1,0,0.0,3
0.0,19,1,1,1730754154,False,0,f834a8a0-0de8-11e7-991c-3863bb43a7d0,93,0,1,0,0.0,12
0.0,6,1,1,1730754177,False,0,7e1dae55-4d3d-4a41-b969-2aeca70e0e69,7e1dae55-4d3d-4a41-b969-2aeca70e0e69,1,1,0,0.0,5
0.0,17,1,1,1730754177,False,1,fe90d430-d33f-48b2-a5cd-bc161b220939,553,1,1,0,0.0,5
0.0,5,1,1,1730754176,False,0,1963613484180639992,1963613484180639992,2,1,0,0.0,14
0.0,3,1,1,1730754176,False,0,f834f6a3-0de8-11e7-991c-3863bb43a7d0,135,0,1,0,0.0,14
0.0,4,1,1,1730754177,False,0,a6e0db4f-fc9b-42af-bfe0-36cc0259b717,446,0,1,0,0.0,11
0.0,1,1,1,1730754178,False,0,903b9b5d-4244-43e4-8441-0d17f9a994f7,528,4,1,0,0.0,10
0.0,10,1,1,1730754178,False,0,f8349b20-0de8-11e7-991c-3863bb43a7d0,76,0,1,0,0.0,4
0.0,18,1,1,1730754181,False,0,f83482d2-0de8-11e7-991c-3863bb43a7d0,44,0,1,0,0.0,5
0.0,5,1,1,1730754181,False,0,b34694c2-c640-4f70-b196-1c357ab798e0,b34694c2-c640-4f70-b196-1c357ab798e0,0,1,0,0.0,10
0.0,14,1,1,1730754181,False,1,f834b8b3-0de8-11e7-991c-3863bb43a7d0,105,2,1,0,0.0,3
0.0,7,1,1,1730754182,False,0,5b1d2661-8a93-4f14-b242-ebc52792f951,337,0,1,0,0.0,8
0.0,4,1,1,1730754182,False,0,f834708e-0de8-11e7-991c-3863bb43a7d0,21,4,1,0,0.0,14
0.0,5,1,1,1730754183,False,0,8d893519-bc21-4536-b346-f558988bc8ad,260,1,1,0,0.0,10
0.0,9,1,1,1730754185,False,1,295553ea-851b-4ac2-a094-f9d1208e399a,412,1,1,0,0.0,10
0.0,8,1,1,1730754185,False,1,ea65c25f-0718-4f79-8588-c58b9fe3a105,226,0,1,0,0.0,6
0.0,14,1,1,1730754186,False,1,0208190e-851c-417d-8bc7-1b218db97fbf,0208190e-851c-417d-8bc7-1b218db97fbf,0,1,0,0.0,9
0.0,1,1,1,1730754187,False,0,f8352b39-0de8-11e7-991c-3863bb43a7d0,214,3,1,0,0.0,14
0.0,5,1,1,1730754188,False,1,868ccc83-99e5-4faf-96eb-e1fae26b9741,481,0,1,0,0.0,12
0.0,4,1,1,1730754188,False,1,d22265a8-a6d7-4922-a6b5-4be738a9e5c4,392,0,1,0,0.0,10
0.0,4,1,1,1730754188,False,2,f2b83aa2-86cd-4904-a099-74bf2023f768,330,0,1,0,0.0,9
0.0,8,1,1,1730754187,False,0,e4678b17-face-42c3-9b5f-98418d31e3b6,e4678b17-face-42c3-9b5f-98418d31e3b6,2,1,0,0.0,3
0.0,8,1,1,1730754190,False,0,7560f0e3-267b-4fb3-bbfa-6e02010cfcb7,225,3,1,0,0.0,11
0.0,14,1,1,1730754189,False,0,f8350b76-0de8-11e7-991c-3863bb43a7d0,159,0,1,0,0.0,1
0.0,10,1,1,1730754162,False,1,cf5f920f-b61d-4db0-b139-14aff04d577c,459,1,1,0,0.0,11
0.0,15,1,1,1730754160,False,0,f834b101-0de8-11e7-991c-3863bb43a7d0,97,1,1,0,0.0,6
0.0,15,1,1,1730754165,False,0,7f68a70d-af0e-450a-b7a8-ce621cd0c8c1,280,0,1,0,0.0,4
0.0,7,1,1,1730754165,False,0,f834a959-0de8-11e7-991c-3863bb43a7d0,94,2,1,0,0.0,3
0.0,0,1,1,1730754164,False,0,1994054629753598708,1994054629753598708,2,1,0,0.0,15
0.0,1,1,1,1730754164,False,2,f83488be-0de8-11e7-991c-3863bb43a7d0,56,1,1,0,0.0,15
0.0,4,1,1,1730754163,False,0,c5cfd1ed-aa44-4e20-96bb-e334c96f0d68,376,0,1,0,0.0,11
0.0,2,1,1,1730754163,False,1,f83497b9-0de8-11e7-991c-3863bb43a7d0,74,0,1,0,0.0,16
0.0,8,1,1,1730754167,False,0,f83491d4-0de8-11e7-991c-3863bb43a7d0,64,0,1,0,0.0,15
0.0,12,1,1,1730754169,False,0,940638c5-7cd0-4a11-899e-86af3868d400,532,0,1,0,0.0,7
0.0,8,1,1,1730754171,False,0,f8352534-0de8-11e7-991c-3863bb43a7d0,204,0,1,0,0.0,7
0.0,4,1,1,1730754171,False,0,f8348622-0de8-11e7-991c-3863bb43a7d0,50,1,1,0,0.0,16
0.0,9,1,1,1730754171,False,0,d7507124-4cab-4063-8445-a59a33a3d6e4,512,2,1,0,0.0,10
0.0,12,1,1,1730754171,False,0,fbc512a5-4b98-4821-bcfb-bb0c7ac83543,365,0,1,0,0.0,7
0.0,12,1,1,1730754173,False,0,b6a8522d-296d-4c05-887d-842374520780,545,0,1,0,0.0,3
0.0,9,1,1,1730754173,False,0,f835288a-0de8-11e7-991c-3863bb43a7d0,208,2,1,0,0.0,6
0.0,4,1,1,1730754191,False,0,1986302395589722758,1986302395589722758,0,1,0,0.0,7
0.0,16,1,1,1730754192,False,0,ff938129-8179-455c-9ac9-9fcb9fc0b6d5,ff938129-8179-455c-9ac9-9fcb9fc0b6d5,0,1,0,0.0,3
0.0,9,1,1,1730754194,False,0,f8347e78-0de8-11e7-991c-3863bb43a7d0,36,0,1,0,0.0,23
0.0,5,1,1,1730754195,False,0,6aebc664-1e3c-479f-8f65-2bae99215ed3,6aebc664-1e3c-479f-8f65-2bae99215ed3,1,1,0,0.0,6
0.0,9,1,1,1730754196,False,0,1e1b40cd-8e00-4b74-b147-be6b23f5c9e7,385,0,1,0,0.0,6
0.0,8,1,1,1730754198,False,0,ad2cf74c-0e8c-4e15-8f19-2259e8c82f0f,404,1,1,0,0.0,8
0.0,12,1,1,1730754197,False,0,48abed77-c9ba-4a39-8a5c-6a1e9bb8a9a5,48abed77-c9ba-4a39-8a5c-6a1e9bb8a9a5,0,1,0,0.0,5
0.0,18,1,1,1730754199,False,0,f83513a7-0de8-11e7-991c-3863bb43a7d0,177,0,1,0,0.0,1
0.0,2,1,1,1730754200,False,0,1a661bb7-7d14-49e9-ac3d-22bafec8a2f0,507,7,1,0,0.0,9
0.0,13,1,1,1730754199,False,1,51bb4381-dae4-4aeb-b213-0614b807be29,344,2,1,0,0.0,5
0.0,7,1,1,1730754206,False,0,f8351f1d-0de8-11e7-991c-3863bb43a7d0,191,0,1,0,0.0,8
,19,1,1,1730754201,False,0,380de8b2-2728-4e4b-83f1-251bfbb5acf2,487,0,1,0,,0
0.0,2,1,1,1730754201,False,1,b205d2bb-bb76-49ac-8d14-85eec5a874d3,343,1,1,0,0.0,12
0.0,3,1,1,1730754201,False,1,f834723b-0de8-11e7-991c-3863bb43a7d0,24,0,1,0,0.0,19
0.0,15,1,1,1730754207,False,0,1991922092203192944,1991922092203192944,0,1,0,0.0,4
0.0,20,1,1,1730754207,False,0,1965873511294959658,1965873511294959658,1,1,0,0.0,3
0.0,13,1,1,1730754208,False,0,f83492b4-0de8-11e7-991c-3863bb43a7d0,66,0,1,0,0.0,1
0.0,9,1,1,1730754209,False,0,8983c75a-12c1-4995-aedc-24c94bd895e3,384,0,1,0,0.0,10
0.0,5,1,1,1730754209,False,0,23146f28-9762-4a6d-a6db-fcd4ff0e5d07,356,1,1,0,0.0,18
0.0,14,1,1,1730754209,False,0,f8350ecf-0de8-11e7-991c-3863bb43a7d0,167,0,1,0,0.0,1
0.0,12,1,1,1730754093,False,0,d7ec834e-9d9a-402c-9956-7d5f42676b94,d7ec834e-9d9a-402c-9956-7d5f42676b94,0,1,0,0.0,3
0.0,1,1,1,1730754091,False,1,f8352c92-0de8-11e7-991c-3863bb43a7d0,217,0,1,0,0.0,17
0.0,0,1,1,1730754093,False,0,f83464e4-0de8-11e7-991c-3863bb43a7d0,3,1,1,0,0.0,15
0.0,16,1,1,1730754099,False,1,f8348481-0de8-11e7-991c-3863bb43a7d0,47,1,1,0,0.0,2
0.0,10,1,1,1730754110,False,0,f8349ba9-0de8-11e7-991c-3863bb43a7d0,77,0,1,0,0.0,9
0.0,12,1,1,1730754110,False,0,103a9881-e30a-4d57-b81d-863b995ff759,255,0,1,0,0.0,3
0.0,12,1,1,1730754111,False,1,bb27977d-36c1-496d-8bac-631b612dd7b8,332,0,1,0,0.0,2
0.0,5,1,1,1730754105,False,2,7ec0c53c-876a-419c-a78b-4edd000bbc9a,445,1,1,0,0.0,12
0.0,14,1,1,1730754106,False,0,f6df6c1a-064f-428a-951c-2069a081b9df,380,1,1,0,0.0,3
0.0,6,1,1,1730754109,False,0,70f20fcb-8e63-4015-9007-b97c525ab0a9,335,0,1,0,0.0,13
0.0,6,1,1,1730754109,False,0,ba634139-d7bf-448f-aac4-25995d36b67b,373,0,1,0,0.0,9
0.0,4,1,1,1730754113,False,0,dfdaf866-b814-48e5-9bd3-eb7c4a733697,dfdaf866-b814-48e5-9bd3-eb7c4a733697,0,1,0,0.0,14
0.0,0,1,1,1730754115,False,1,c1ae49bd-2a20-4684-886b-ead8dd627cfd,c1ae49bd-2a20-4684-886b-ead8dd627cfd,0,1,0,0.0,16
0.0,7,1,1,1730754115,False,0,54d86d05-b399-42c5-a63a-a97713afc5d4,54d86d05-b399-42c5-a63a-a97713afc5d4,0,1,0,0.0,4
0.0,10,1,1,1730754115,False,0,ff6ed364-8676-45a0-b97f-71025683849e,442,0,1,0,0.0,5
0.0,12,1,1,1730754116,False,1,ccd6fdd4-b39e-46d7-b43c-7bacffb6bd87,523,0,1,0,0.0,4
0.0,13,1,1,1730754123,False,0,f8349c69-0de8-11e7-991c-3863bb43a7d0,78,1,1,0,0.0,6
0.0,16,1,1,1730754125,False,0,f83516b8-0de8-11e7-991c-3863bb43a7d0,184,0,1,0,0.0,3
0.0,14,1,1,1730754122,False,1,342a2c60-71b0-4d19-98d6-47987cf20dbc,379,0,1,0,0.0,0
0.0,9,1,1,1730754126,False,0,f8351336-0de8-11e7-991c-3863bb43a7d0,176,0,1,0,0.0,6
,23,1,1,1730754127,False,0,f834cf45-0de8-11e7-991c-3863bb43a7d0,116,0,1,0,,0
0.0,3,1,1,1730754127,False,0,5f726a7d-5c5d-48b1-9b13-06c77572a237,516,0,1,0,0.0,8
0.0,15,1,1,1730754127,False,0,f83494b4-0de8-11e7-991c-3863bb43a7d0,69,1,1,0,0.0,4
0.0,11,1,1,1730754129,False,0,510239fe-69c3-458b-b53c-6ce001845f4a,354,4,1,0,0.0,4
0.0,13,1,1,1730754132,False,1,f834fd36-0de8-11e7-991c-3863bb43a7d0,142,1,1,0,0.0,9
0.0,9,1,1,1730754133,False,0,42a3ecca-af9a-4556-90ba-7631546f96f8,42a3ecca-af9a-4556-90ba-7631546f96f8,0,1,0,0.0,2
0.0,10,1,1,1730754136,False,0,20b0b405-54ba-4a80-b89c-0819772665db,440,1,1,0,0.0,7
0.0,9,1,1,1730754138,False,0,53a148ca-ac69-4a9c-a986-9a4b4df2f5df,387,0,1,0,0.0,6
0.0,9,1,1,1730754139,False,2,9f54207a-3308-43bd-b45c-9042b6389598,423,0,1,0,0.0,8
0.0,6,1,1,1730754142,False,0,518f6524-0e7f-454d-974e-e3ff9db1f795,494,2,1,0,0.0,5
0.0,6,1,1,1730754141,False,1,f834b42d-0de8-11e7-991c-3863bb43a7d0,100,1,1,0,0.0,16
0.0,4,1,1,1730754146,False,0,1997031579059661288,1997031579059661288,0,1,0,0.0,7
0.0,5,1,1,1730754148,False,0,f83510fd-0de8-11e7-991c-3863bb43a7d0,171,2,1,0,0.0,18
0.0,18,1,1,1730754144,False,0,ec3eea05-a3ff-43c6-9e24-0c63f09b915f,378,0,1,0,0.0,1
0.0,11,1,1,1730754144,False,0,b995a0b4-fc26-4661-9bc8-e166d648edfd,353,0,1,0,0.0,4
0.0,16,1,1,1730754150,False,0,f8348995-0de8-11e7-991c-3863bb43a7d0,58,1,1,0,0.0,3
0.0,16,1,1,1730754153,False,0,9ca92778-9101-48df-90ea-08b784e26a1a,413,1,1,0,0.0,3
0.0,2,1,1,1730754150,False,0,f36e24cd-de4c-4a5e-adf4-cb97ccd2958d,505,1,1,0,0.0,9
0.0,4,1,1,1730754153,False,0,0839bb10-e876-4198-95e4-0147a561853d,258,0,1,0,0.0,11
0.0,16,1,1,1730754158,False,0,93911aa1-b5e4-48aa-a2b6-38fbcf613006,93911aa1-b5e4-48aa-a2b6-38fbcf613006,0,1,0,0.0,3
0.0,2,1,1,1730754158,False,0,f8346768-0de8-11e7-991c-3863bb43a7d0,7,1,1,0,0.0,12
0.0,5,1,1,1730754159,False,0,b23674a7-15a8-46d2-8219-6668acecf24a,548,1,1,0,0.0,13
0.0,9,1,1,1730754160,False,0,e68655be-23d3-46e5-a509-25be677e7542,482,0,1,0,0.0,2
0.0,10,1,1,1730754161,False,0,1960693490199507164,1960693490199507164,0,1,0,0.0,9
0.0,17,1,1,1730754156,False,1,ddcc8869-b8d4-483c-b9da-457fcebc8dc1,417,0,1,0,0.0,1
0.0,14,1,1,1730754166,False,0,1975886280004030604,1975886280004030604,0,1,0,0.0,9
0.0,33,1,1,1730754162,False,0,f834bbdd-0de8-11e7-991c-3863bb43a7d0,109,0,1,0,0.0,2
0.0,1,1,1,1730754162,False,0,f834952a-0de8-11e7-991c-3863bb43a7d0,70,2,1,0,0.0,22
0.0,4,1,1,1730754167,False,0,f834f814-0de8-11e7-991c-3863bb43a7d0,136,1,1,0,0.0,15
0.0,13,1,1,1730754169,False,0,83183df0-38c2-4ae8-a0c4-4b59599c9582,222,0,1,0,0.0,1
,13,1,1,1730754169,False,0,f83486ab-0de8-11e7-991c-3863bb43a7d0,51,0,1,0,,0
0.0,11,1,1,1730754172,False,0,2327cb08-fa9f-459b-9ab0-1a319b0f2f4c,539,0,1,0,0.0,8
0.0,12,1,1,1730754175,False,0,f834e244-0de8-11e7-991c-3863bb43a7d0,126,0,1,0,0.0,3
0.0,4,1,1,1730754178,False,0,5018e851-f2f3-4e18-9914-c316bbcc2c3d,331,0,1,0,0.0,11
0.0,12,1,1,1730754176,False,0,1944724820826878816,1944724820826878816,3,1,0,0.0,5
0.0,15,1,1,1730754182,False,1,676ca473-eed6-4971-aaf3-e199a7ca335b,433,0,1,0,0.0,3
0.0,18,1,1,1730754181,False,1,f834e1b2-0de8-11e7-991c-3863bb43a7d0,125,0,1,0,0.0,0
0.0,1,1,1,1730754181,False,1,f8349745-0de8-11e7-991c-3863bb43a7d0,73,0,1,0,0.0,13
0.0,14,1,1,1730754184,False,0,02a4416f-80b4-4472-accd-5db482ed5b6d,367,0,1,0,0.0,5
0.0,13,1,1,1730754184,False,0,f834b49d-0de8-11e7-991c-3863bb43a7d0,101,2,1,0,0.0,4
0.0,11,1,1,1730754183,False,0,f8349824-0de8-11e7-991c-3863bb43a7d0,75,1,1,0,0.0,4
0.0,1,1,1,1730754178,False,0,f83524c0-0de8-11e7-991c-3863bb43a7d0,203,1,1,0,0.0,13
0.0,4,1,1,1730754179,False,0,9e710d48-51c1-460e-a027-3d16bde62b13,419,2,1,0,0.0,11
0.0,16,1,1,1730754179,False,0,abefafdc-c772-4671-86fe-fc15a42adebb,abefafdc-c772-4671-86fe-fc15a42adebb,0,1,0,0.0,7
0.0,5,1,1,1730754189,False,0,f8348509-0de8-11e7-991c-3863bb43a7d0,48,0,1,0,0.0,14
0.0,24,1,1,1730754190,False,0,f8348136-0de8-11e7-991c-3863bb43a7d0,41,2,1,0,0.0,2
0.0,8,1,1,1730754186,False,0,f35de2ab-979e-42d5-8cbd-dc479ed637e9,503,0,1,0,0.0,4
0.0,6,1,1,1730754186,False,1,ce55d1b1-4267-40a9-ad44-5eab888ce18a,ce55d1b1-4267-40a9-ad44-5eab888ce18a,0,1,0,0.0,16
0.0,11,1,1,1730754191,False,0,f83523e3-0de8-11e7-991c-3863bb43a7d0,201,2,1,0,0.0,4
0.0,8,1,1,1730754191,False,1,533620e8-00ff-494a-b288-bd67602bc98e,472,1,1,0,0.0,17
0.0,13,1,1,1730754192,False,0,0adccd89-1d8d-44da-9f7c-5f18acafeddf,338,1,1,0,0.0,1
0.0,3,1,1,1730754191,False,0,40e58976-02cc-4c7c-911f-7a6c97588bfa,520,0,1,0,0.0,10
0.0,8,1,1,1730754195,False,0,f834b5d9-0de8-11e7-991c-3863bb43a7d0,103,0,1,0,0.0,6
0.0,9,1,1,1730754196,False,0,13918b3b-9ac5-4968-a74d-e40dd3bc952e,479,0,1,0,0.0,10
0.0,9,1,1,1730754196,False,0,5bc7cba9-f0b0-442d-932c-e8c7927d87ce,386,0,1,0,0.0,10
0.0,15,1,1,1730754201,False,0,a18e1e55-507e-49d8-b7c0-5c0efd959125,358,0,1,0,0.0,4
0.0,9,1,1,1730754199,False,0,287aedf5-0361-47e9-9de0-14ae3b75cc0d,287aedf5-0361-47e9-9de0-14ae3b75cc0d,1,1,0,0.0,12
0.0,13,1,1,1730754200,False,0,5afe91c4-8076-4f9f-b83b-cf233bda2331,460,0,1,0,0.0,3
0.0,11,1,1,1730754197,False,1,f8347118-0de8-11e7-991c-3863bb43a7d0,22,0,1,0,0.0,36
0.0,0,1,1,1730754197,False,1,f8346894-0de8-11e7-991c-3863bb43a7d0,9,2,1,0,0.0,14
0.0,0,1,1,1730754201,False,0,ef54374b-0406-4b17-b0a1-847f1d7bea06,410,3,1,0,0.0,15
0.0,7,1,1,1730754204,False,0,2fd22786-dfeb-4126-a906-4f01802087f3,454,0,1,0,0.0,12
0.0,12,1,1,1730754204,False,0,f8351019-0de8-11e7-991c-3863bb43a7d0,169,2,1,0,0.0,8
0.0,2,1,1,1730754204,False,1,0f554e1d-9f0f-452d-9b4a-e00aa2c5911e,492,1,1,0,0.0,12
0.0,4,1,1,1730754204,False,0,18e98210-d257-414a-92e3-8347c2cac9a5,540,1,1,0,0.0,7
0.0,18,1,1,1730754202,False,0,2ba0c5dd-c990-4434-8a84-5c3eca23f096,447,1,1,0,0.0,1
0.0,13,1,1,1730754203,False,1,13444449-b3a8-43d2-b8b9-a59fbc59a174,397,0,1,0,0.0,2
0.0,9,1,1,1730754205,False,0,350e73e3-6f70-4b2d-87ab-24c8629e9a6a,350e73e3-6f70-4b2d-87ab-24c8629e9a6a,0,1,0,0.0,10
0.0,11,1,1,1730754207,False,0,36a8fbc8-6069-4a29-bbfd-63a2d019c9a5,415,0,1,0,0.0,8
0.0,13,1,1,1730754207,False,1,f24a573e-ef07-4785-9270-70c443510ea6,359,0,1,0,0.0,1
